query,category,configuration,num_runs,use_gpt,use_id_matching,total_min,total_max,total_avg,total_median,total_std,gpt_refinement_min,gpt_refinement_max,gpt_refinement_avg,id_matching_min,id_matching_max,id_matching_avg,query_embedding_min,query_embedding_max,query_embedding_avg,semantic_search_min,semantic_search_max,semantic_search_avg
I want to learn machine learning and neural networks,semantic-only,full_system,1,True,True,3.3257391452789307,3.3257391452789307,3.3257391452789307,3.3257391452789307,0.0,2.296727180480957,2.296727180480957,2.296727180480957,0.0,0.0,0.0,0.9997398853302002,0.9997398853302002,0.9997398853302002,0.02866840362548828,0.02866840362548828,0.02866840362548828
I want to learn machine learning and neural networks,semantic-only,full_system,5,True,True,1.3139915466308594,2.0640087127685547,1.6661524295806884,1.6152074337005615,0.2819710021828985,1.248626708984375,2.0360357761383057,1.614902639389038,0.0,0.0,0.0,2.1457672119140625e-05,0.008364200592041016,0.005879735946655274,0.027623414993286133,0.05658578872680664,0.04496893882751465
I want to learn machine learning and neural networks,semantic-only,full_system,10,True,True,1.3925485610961914,2.3765385150909424,1.8832754850387574,1.8722888231277466,0.39132516772310216,1.3281066417694092,2.2956461906433105,1.8233670949935914,0.0,0.0,0.0,3.075599670410156e-05,0.012822628021240234,0.005813002586364746,0.04599428176879883,0.06777572631835938,0.05367758274078369
Courses about data structures and algorithms,semantic-only,full_system,1,True,True,1.624361276626587,1.624361276626587,1.624361276626587,1.624361276626587,0.0,1.5585780143737793,1.5585780143737793,1.5585780143737793,0.0,0.0,0.0,0.008248329162597656,0.008248329162597656,0.008248329162597656,0.05710768699645996,0.05710768699645996,0.05710768699645996
Courses about data structures and algorithms,semantic-only,full_system,5,True,True,1.3614795207977295,2.53707218170166,1.8932578563690186,1.8683216571807861,0.5405597382423646,1.3009710311889648,2.4722611904144287,1.830486822128296,0.0,0.0,0.0,0.006667613983154297,0.008281230926513672,0.007803487777709961,0.046050310134887695,0.05680084228515625,0.054535865783691406
Courses about data structures and algorithms,semantic-only,full_system,10,True,True,1.0520856380462646,2.265700578689575,1.6320976495742798,1.6560765504837036,0.37878833093326675,0.9939196109771729,2.2004234790802,1.5706918478012084,0.0,0.0,0.0,3.314018249511719e-05,0.008337020874023438,0.005569028854370117,0.04056596755981445,0.058025360107421875,0.05540199279785156
I'm interested in computer vision and image processing,semantic-only,full_system,1,True,True,3.313225030899048,3.313225030899048,3.313225030899048,3.313225030899048,0.0,3.2617640495300293,3.2617640495300293,3.2617640495300293,0.0,0.0,0.0,0.006335020065307617,0.006335020065307617,0.006335020065307617,0.04470682144165039,0.04470682144165039,0.04470682144165039
I'm interested in computer vision and image processing,semantic-only,full_system,5,True,True,1.2875595092773438,1.9296209812164307,1.645545482635498,1.614302158355713,0.25035812561112514,1.222137451171875,1.8763113021850586,1.5825434684753419,0.0,0.0,0.0,0.00681757926940918,0.008398294448852539,0.008002996444702148,0.04607892036437988,0.05714559555053711,0.05456991195678711
I'm interested in computer vision and image processing,semantic-only,full_system,10,True,True,1.4555747509002686,2.8932461738586426,1.885595965385437,1.8099870681762695,0.4221720704157036,1.3896722793579102,2.83980655670166,1.825553297996521,0.0,0.0,0.0,3.5762786865234375e-05,0.009037256240844727,0.00696268081665039,0.046053171157836914,0.0581209659576416,0.052649426460266116
Optimization and operations research courses,semantic-only,full_system,1,True,True,1.7361955642700195,1.7361955642700195,1.7361955642700195,1.7361955642700195,0.0,1.6700520515441895,1.6700520515441895,1.6700520515441895,0.0,0.0,0.0,0.008472442626953125,0.008472442626953125,0.008472442626953125,0.057235002517700195,0.057235002517700195,0.057235002517700195
Optimization and operations research courses,semantic-only,full_system,5,True,True,1.3190195560455322,1.4188570976257324,1.3842525959014893,1.391871452331543,0.03820476749503378,1.2659504413604736,1.3529691696166992,1.3237569808959961,0.0,0.0,0.0,0.006765127182006836,0.008405208587646484,0.007643699645996094,0.04588127136230469,0.05716514587402344,0.05243449211120606
Optimization and operations research courses,semantic-only,full_system,10,True,True,1.3540139198303223,2.6225953102111816,1.9683085680007935,2.033306121826172,0.3867597624601406,1.2882275581359863,2.5568246841430664,1.9057722330093383,0.0,0.0,0.0,0.005548238754272461,0.008448362350463867,0.007901263236999512,0.043941497802734375,0.05733895301818848,0.05421249866485596
Courses on database systems and SQL,semantic-only,full_system,1,True,True,2.3898751735687256,2.3898751735687256,2.3898751735687256,2.3898751735687256,0.0,2.3239359855651855,2.3239359855651855,2.3239359855651855,0.0,0.0,0.0,0.008380413055419922,0.008380413055419922,0.008380413055419922,0.05714011192321777,0.05714011192321777,0.05714011192321777
Courses on database systems and SQL,semantic-only,full_system,5,True,True,1.850083351135254,3.0371410846710205,2.3169297218322753,2.2313153743743896,0.4446856183044339,1.7925653457641602,2.972757339477539,2.255618524551392,0.0,0.0,0.0,0.006859779357910156,0.008247613906860352,0.007617759704589844,0.04609942436218262,0.05738234519958496,0.05328998565673828
Courses on database systems and SQL,semantic-only,full_system,10,True,True,1.4540812969207764,2.949707508087158,2.062659192085266,2.078592896461487,0.5179764378959301,1.4005684852600098,2.8837509155273438,2.0032455682754517,0.0,0.0,0.0,0.006474494934082031,0.008313894271850586,0.007452750205993652,0.04500102996826172,0.05753469467163086,0.051543021202087404
I need CS 1332,id-only,full_system,1,True,True,2.125027656555176,2.125027656555176,2.125027656555176,2.125027656555176,0.0,2.055086374282837,2.055086374282837,2.055086374282837,0.0022482872009277344,0.0022482872009277344,0.0022482872009277344,0.00822305679321289,0.00822305679321289,0.00822305679321289,0.056154489517211914,0.056154489517211914,0.056154489517211914
I need CS 1332,id-only,full_system,5,True,True,1.573655605316162,2.019155263900757,1.7818774700164794,1.718740701675415,0.21050834235443577,1.5063271522521973,1.949488639831543,1.7182045936584474,0.001447439193725586,0.002101421356201172,0.0018630504608154296,0.006124734878540039,0.008369207382202148,0.007851409912109374,0.03047013282775879,0.05670595169067383,0.05089635848999023
I need CS 1332,id-only,full_system,10,True,True,1.325434684753418,2.270883321762085,1.76655433177948,1.7242242097854614,0.37713904624530475,1.2626514434814453,2.2204530239105225,1.7046712636947632,0.0015687942504882812,0.0021576881408691406,0.0019115924835205079,2.5033950805664062e-05,0.008542776107788086,0.00402379035949707,0.045584917068481445,0.05832195281982422,0.05302631855010986
CS 7641 or similar courses,id-only,full_system,1,True,True,1.458695888519287,1.458695888519287,1.458695888519287,1.458695888519287,0.0,1.3883395195007324,1.3883395195007324,1.3883395195007324,0.0020914077758789062,0.0020914077758789062,0.0020914077758789062,0.008410453796386719,0.008410453796386719,0.008410453796386719,0.05689096450805664,0.05689096450805664,0.05689096450805664
CS 7641 or similar courses,id-only,full_system,5,True,True,1.2860043048858643,2.377108573913574,1.9118531227111817,2.16165828704834,0.47685324262091233,1.2165052890777588,2.32083797454834,1.8449929237365723,0.0016303062438964844,0.0019910335540771484,0.0018942832946777343,0.006709098815917969,0.008466720581054688,0.007898664474487305,0.04517507553100586,0.05655264854431152,0.05413522720336914
CS 7641 or similar courses,id-only,full_system,10,True,True,1.4406070709228516,2.525634527206421,1.8763127326965332,1.7489864826202393,0.423796160806542,1.3777351379394531,2.456019163131714,1.8077431917190552,0.0019283294677734375,0.0020525455474853516,0.00200197696685791,3.1948089599609375e-05,0.00841069221496582,0.007350492477416992,0.05509042739868164,0.057534217834472656,0.05627462863922119
MATH 2106 and related courses,id-only,full_system,1,True,True,1.5199804306030273,1.5199804306030273,1.5199804306030273,1.5199804306030273,0.0,1.4629855155944824,1.4629855155944824,1.4629855155944824,0.0016210079193115234,0.0016210079193115234,0.0016210079193115234,0.0066375732421875,0.0066375732421875,0.0066375732421875,0.04586625099182129,0.04586625099182129,0.04586625099182129
MATH 2106 and related courses,id-only,full_system,5,True,True,1.3350756168365479,2.5844364166259766,2.0501089096069336,2.421790361404419,0.5999145956979014,1.2651662826538086,2.513974189758301,1.982675886154175,0.0017211437225341797,0.0020210742950439453,0.0019525051116943359,0.006755352020263672,0.008472919464111328,0.008062314987182618,0.046085357666015625,0.05706334114074707,0.05463113784790039
MATH 2106 and related courses,id-only,full_system,10,True,True,1.4854810237884521,3.047017812728882,2.0764180421829224,1.9612085819244385,0.49187865866556457,1.416576623916626,2.9774041175842285,2.012603259086609,0.0015766620635986328,0.0020711421966552734,0.001930999755859375,3.075599670410156e-05,0.008382081985473633,0.006308174133300782,0.04308915138244629,0.05782723426818848,0.052969169616699216
ISYE 6501,id-only,full_system,1,True,True,2.3111178874969482,2.3111178874969482,2.3111178874969482,2.3111178874969482,0.0,2.243151903152466,2.243151903152466,2.243151903152466,0.001703023910522461,0.001703023910522461,0.001703023910522461,0.008099079132080078,0.008099079132080078,0.008099079132080078,0.05603766441345215,0.05603766441345215,0.05603766441345215
ISYE 6501,id-only,full_system,5,True,True,1.2199623584747314,2.8132357597351074,1.8043879508972167,1.4044973850250244,0.6826966482866049,1.1574954986572266,2.7432403564453125,1.7411195278167724,0.0016274452209472656,0.0021009445190429688,0.001961803436279297,3.147125244140625e-05,0.008381366729736328,0.006252813339233399,0.043701887130737305,0.057534217834472656,0.05210471153259277
ISYE 6501,id-only,full_system,10,True,True,1.0348491668701172,3.0269393920898438,1.9392699956893922,1.9285497665405273,0.6885908079991115,0.9843528270721436,2.9579789638519287,1.875441312789917,0.0016045570373535156,0.002024412155151367,0.0018480777740478515,2.765655517578125e-05,0.008329391479492188,0.006846404075622559,0.04593801498413086,0.05649757385253906,0.05220608711242676
Machine learning courses like CS 7641,mixed,full_system,1,True,True,2.1870434284210205,2.1870434284210205,2.1870434284210205,2.1870434284210205,0.0,2.118443727493286,2.118443727493286,2.118443727493286,0.001939535140991211,0.001939535140991211,0.001939535140991211,0.008048534393310547,0.008048534393310547,0.008048534393310547,0.05568361282348633,0.05568361282348633,0.05568361282348633
Machine learning courses like CS 7641,mixed,full_system,5,True,True,1.5987861156463623,2.4465434551239014,1.9140470027923584,1.924384355545044,0.33267560335070934,1.533416986465454,2.378469944000244,1.8481630325317382,0.0015571117401123047,0.001997709274291992,0.001758575439453125,0.006359577178955078,0.008474588394165039,0.007454490661621094,0.045297861099243164,0.05695819854736328,0.05371246337890625
Machine learning courses like CS 7641,mixed,full_system,10,True,True,1.3031506538391113,2.7945430278778076,1.823276734352112,1.7530324459075928,0.4479475798856807,1.233469009399414,2.723362684249878,1.7560892581939698,0.0015339851379394531,0.0020148754119873047,0.001860332489013672,2.5272369384765625e-05,0.00837850570678711,0.0063690185546875,0.04586076736450195,0.05925393104553223,0.05600364208221435
"Data structures courses, specifically CS 1332 or equivalent",mixed,full_system,1,True,True,2.722449541091919,2.722449541091919,2.722449541091919,2.722449541091919,0.0,2.6515533924102783,2.6515533924102783,2.6515533924102783,0.0019948482513427734,0.0019948482513427734,0.0019948482513427734,0.00826120376586914,0.00826120376586914,0.00826120376586914,0.057717084884643555,0.057717084884643555,0.057717084884643555
"Data structures courses, specifically CS 1332 or equivalent",mixed,full_system,5,True,True,1.3168761730194092,2.8661208152770996,1.9940330982208252,1.8442573547363281,0.624432034596177,1.245821237564087,2.7948591709136963,1.9269859313964843,0.0016262531280517578,0.0020189285278320312,0.0019290924072265625,3.170967102050781e-05,0.00843358039855957,0.006347465515136719,0.047179222106933594,0.058757781982421875,0.05583457946777344
"Data structures courses, specifically CS 1332 or equivalent",mixed,full_system,10,True,True,1.4592392444610596,2.917387008666992,2.097807264328003,2.1761631965637207,0.5130966205730128,1.3952643871307373,2.846238851547241,2.029537534713745,0.001554250717163086,0.0020372867584228516,0.0019251108169555664,2.5272369384765625e-05,0.008351802825927734,0.006431984901428223,0.04703378677368164,0.05951952934265137,0.056977462768554685
I want to take CS 4641 or other machine learning courses,mixed,full_system,1,True,True,1.7322258949279785,1.7322258949279785,1.7322258949279785,1.7322258949279785,0.0,1.663637399673462,1.663637399673462,1.663637399673462,0.0019505023956298828,0.0019505023956298828,0.0019505023956298828,0.00774693489074707,0.00774693489074707,0.00774693489074707,0.05596446990966797,0.05596446990966797,0.05596446990966797
I want to take CS 4641 or other machine learning courses,mixed,full_system,5,True,True,1.402423620223999,2.3361706733703613,1.631194257736206,1.4743666648864746,0.39724637660040485,1.3437278270721436,2.265204429626465,1.5653722763061524,0.001608133316040039,0.002031564712524414,0.001903200149536133,0.00683140754699707,0.008309125900268555,0.007832908630371093,0.04107928276062012,0.06134605407714844,0.05304131507873535
I want to take CS 4641 or other machine learning courses,mixed,full_system,10,True,True,1.4017953872680664,2.6915781497955322,1.9029945850372314,1.759792685508728,0.4383391343007852,1.331221342086792,2.6288745403289795,1.8366327047348023,0.0016384124755859375,0.0020563602447509766,0.001916360855102539,3.933906555175781e-05,0.008438825607299805,0.007132577896118164,0.047081708908081055,0.05880331993103027,0.05456442832946777
"Optimization courses, maybe ISYE 6669",mixed,full_system,1,True,True,1.3676650524139404,1.3676650524139404,1.3676650524139404,1.3676650524139404,0.0,1.3119323253631592,1.3119323253631592,1.3119323253631592,0.0016613006591796875,0.0016613006591796875,0.0016613006591796875,0.006744384765625,0.006744384765625,0.006744384765625,0.04447197914123535,0.04447197914123535,0.04447197914123535
"Optimization courses, maybe ISYE 6669",mixed,full_system,5,True,True,1.4731872081756592,2.410003662109375,1.8118158817291259,1.5729217529296875,0.41859028143626004,1.4020860195159912,2.3386456966400146,1.7465147972106934,0.0015714168548583984,0.0020453929901123047,0.001825571060180664,0.006473064422607422,0.008493185043334961,0.007678318023681641,0.04615640640258789,0.057978153228759766,0.05284419059753418
"Optimization courses, maybe ISYE 6669",mixed,full_system,10,True,True,1.5673797130584717,2.623706579208374,2.1051592350006105,2.238979697227478,0.3927954596852721,1.4967339038848877,2.553788661956787,2.0367948055267333,0.0016040802001953125,0.002061128616333008,0.0018913984298706056,0.00680088996887207,0.008588075637817383,0.00794365406036377,0.047414302825927734,0.0578920841217041,0.05558979511260986
ISYE courses on optimization and operations research,department-specific,full_system,1,True,True,1.9517168998718262,1.9517168998718262,1.9517168998718262,1.9517168998718262,0.0,1.8847262859344482,1.8847262859344482,1.8847262859344482,0.0,0.0,0.0,0.008261680603027344,0.008261680603027344,0.008261680603027344,0.05831027030944824,0.05831027030944824,0.05831027030944824
ISYE courses on optimization and operations research,department-specific,full_system,5,True,True,1.416240930557251,2.297255277633667,1.832927656173706,1.8022589683532715,0.3443020499381594,1.3501529693603516,2.230301856994629,1.7660601139068604,0.0,0.0,0.0,0.008050203323364258,0.008414983749389648,0.008266544342041016,0.057618141174316406,0.05843329429626465,0.058173751831054686
ISYE courses on optimization and operations research,department-specific,full_system,10,True,True,1.2894456386566162,3.0101511478424072,1.9907319784164428,1.906772255897522,0.6083684240562588,1.222649097442627,2.942833185195923,1.9237257242202759,0.0,0.0,0.0,0.008046627044677734,0.008485794067382812,0.008300447463989257,0.057889461517333984,0.05856060981750488,0.05828418731689453
CS courses about artificial intelligence,department-specific,full_system,1,True,True,1.8703222274780273,1.8703222274780273,1.8703222274780273,1.8703222274780273,0.0,1.8045539855957031,1.8045539855957031,1.8045539855957031,0.0,0.0,0.0,0.008376121520996094,0.008376121520996094,0.008376121520996094,0.05697202682495117,0.05697202682495117,0.05697202682495117
CS courses about artificial intelligence,department-specific,full_system,5,True,True,1.3333261013031006,2.6408743858337402,1.8666435718536376,1.6820347309112549,0.492450636495108,1.2670173645019531,2.5931148529052734,1.8060618400573731,0.0,0.0,0.0,3.4332275390625e-05,0.008310317993164062,0.006325483322143555,0.04731249809265137,0.05831575393676758,0.05382781028747559
CS courses about artificial intelligence,department-specific,full_system,10,True,True,1.3744664192199707,2.911633253097534,1.916909122467041,1.7277262210845947,0.531954372657059,1.307992935180664,2.8446669578552246,1.855651354789734,0.0,0.0,0.0,3.0994415283203125e-05,0.008370637893676758,0.006200933456420898,0.047125816345214844,0.05901479721069336,0.05464363098144531
MATH courses on linear algebra and calculus,department-specific,full_system,1,True,True,1.3112986087799072,1.3112986087799072,1.3112986087799072,1.3112986087799072,0.0,1.245694875717163,1.245694875717163,1.245694875717163,0.0,0.0,0.0,0.00768280029296875,0.00768280029296875,0.00768280029296875,0.057479143142700195,0.057479143142700195,0.057479143142700195
MATH courses on linear algebra and calculus,department-specific,full_system,5,True,True,1.2045273780822754,2.0394062995910645,1.4256975173950195,1.3099229335784912,0.3480841341888108,1.156996488571167,1.9724149703979492,1.3651674747467042,0.0,0.0,0.0,2.9325485229492188e-05,0.008311271667480469,0.006254768371582032,0.04708266258239746,0.05826234817504883,0.053851985931396486
MATH courses on linear algebra and calculus,department-specific,full_system,10,True,True,1.3387668132781982,2.447735071182251,2.081705164909363,2.1657787561416626,0.3757322198783015,1.2789366245269775,2.388016939163208,2.0177083015441895,0.0,0.0,0.0,3.0994415283203125e-05,0.008371353149414062,0.006547355651855468,0.0467534065246582,0.059342384338378906,0.05701692104339599
ECE courses on signal processing,department-specific,full_system,1,True,True,2.545539140701294,2.545539140701294,2.545539140701294,2.545539140701294,0.0,2.4806201457977295,2.4806201457977295,2.4806201457977295,0.0,0.0,0.0,0.008185625076293945,0.008185625076293945,0.008185625076293945,0.056319475173950195,0.056319475173950195,0.056319475173950195
ECE courses on signal processing,department-specific,full_system,5,True,True,1.4330124855041504,2.618088483810425,2.142418909072876,2.4907307624816895,0.5967194844240726,1.3674061298370361,2.570268392562866,2.0884119987487795,0.0,0.0,0.0,0.005226612091064453,0.008265972137451172,0.006456518173217773,0.039875030517578125,0.05689668655395508,0.047106170654296876
ECE courses on signal processing,department-specific,full_system,10,True,True,1.481689691543579,2.727898120880127,1.905472993850708,1.8402444124221802,0.3733356438752652,1.4230306148529053,2.6622681617736816,1.8438108682632446,0.0,0.0,0.0,4.601478576660156e-05,0.008353233337402344,0.007159638404846192,0.04515671730041504,0.0581967830657959,0.05408511161804199
Graduate courses in computer vision,graduate-level,full_system,1,True,True,1.830803632736206,1.830803632736206,1.830803632736206,1.830803632736206,0.0,1.765458345413208,1.765458345413208,1.765458345413208,0.0,0.0,0.0,0.008232355117797852,0.008232355117797852,0.008232355117797852,0.0567021369934082,0.0567021369934082,0.0567021369934082
Graduate courses in computer vision,graduate-level,full_system,5,True,True,1.5870003700256348,2.6528804302215576,2.067536973953247,1.9027166366577148,0.42624085406808426,1.5339577198028564,2.6022777557373047,2.0080987453460692,0.0,0.0,0.0,0.00499725341796875,0.008337020874023438,0.00724325180053711,0.04519295692443848,0.05669093132019043,0.051768922805786134
Graduate courses in computer vision,graduate-level,full_system,10,True,True,1.4718680381774902,2.6053566932678223,2.120296573638916,2.065791964530945,0.3699064903226984,1.4062929153442383,2.551954746246338,2.0580211162567137,0.0,0.0,0.0,0.006827831268310547,0.008387327194213867,0.008113598823547364,0.0461583137512207,0.05725216865539551,0.053743624687194826
Advanced machine learning courses for graduate students,graduate-level,full_system,1,True,True,1.666820764541626,1.666820764541626,1.666820764541626,1.666820764541626,0.0,1.6022834777832031,1.6022834777832031,1.6022834777832031,0.0,0.0,0.0,0.007822751998901367,0.007822751998901367,0.007822751998901367,0.056290626525878906,0.056290626525878906,0.056290626525878906
Advanced machine learning courses for graduate students,graduate-level,full_system,5,True,True,1.3878729343414307,2.2967746257781982,1.7173811435699462,1.6461241245269775,0.34716364900606644,1.336371898651123,2.2308669090270996,1.6568323612213134,0.0,0.0,0.0,0.006420135498046875,0.008783102035522461,0.007781267166137695,0.04468226432800293,0.05730009078979492,0.052352619171142575
Advanced machine learning courses for graduate students,graduate-level,full_system,10,True,True,1.465559482574463,2.6190109252929688,1.9421500444412232,1.8749842643737793,0.42058987915295554,1.4001286029815674,2.5863022804260254,1.8873456478118897,0.0,0.0,0.0,3.743171691894531e-05,0.008405208587646484,0.006063103675842285,0.027983665466308594,0.05786943435668945,0.04834682941436767
Courses with minimal prerequisites,edge-case,full_system,1,True,True,2.0298309326171875,2.0298309326171875,2.0298309326171875,2.0298309326171875,0.0,1.9638631343841553,1.9638631343841553,1.9638631343841553,0.0,0.0,0.0,0.008373737335205078,0.008373737335205078,0.008373737335205078,0.05716586112976074,0.05716586112976074,0.05716586112976074
Courses with minimal prerequisites,edge-case,full_system,5,True,True,1.335550308227539,2.1370742321014404,1.7457926273345947,1.92812180519104,0.35637704000420534,1.282106876373291,2.0854909420013428,1.6878821849822998,0.0,0.0,0.0,0.006366729736328125,0.008463144302368164,0.007594156265258789,0.044585227966308594,0.05716991424560547,0.04990253448486328
Courses with minimal prerequisites,edge-case,full_system,10,True,True,1.3723886013031006,2.3147923946380615,1.8374966621398925,1.7905464172363281,0.3211209007237971,1.310758113861084,2.249073028564453,1.776188898086548,0.0,0.0,0.0,2.4318695068359375e-05,0.008415699005126953,0.006330323219299316,0.04600715637207031,0.06116604804992676,0.0545565128326416
CS 1332 CS 1331,edge-case,full_system,1,True,True,1.2962915897369385,1.2962915897369385,1.2962915897369385,1.2962915897369385,0.0,1.2600595951080322,1.2600595951080322,1.2600595951080322,0.0010912418365478516,0.0010912418365478516,0.0010912418365478516,0.0044248104095458984,0.0044248104095458984,0.0044248104095458984,0.028416872024536133,0.028416872024536133,0.028416872024536133
CS 1332 CS 1331,edge-case,full_system,5,True,True,1.7506129741668701,2.473299264907837,2.041438674926758,1.9847824573516846,0.31490886516105954,1.6927850246429443,2.3996024131774902,1.9775271892547608,0.0016241073608398438,0.0021016597747802734,0.0018164634704589844,0.006426095962524414,0.008487462997436523,0.0073436260223388675,0.04601311683654785,0.05949687957763672,0.051645088195800784
CS 1332 CS 1331,edge-case,full_system,10,True,True,1.6241464614868164,2.611654281616211,2.0404571294784546,1.8593109846115112,0.3813802195832996,1.5546560287475586,2.5484652519226074,1.9744654178619385,0.0017044544219970703,0.0021228790283203125,0.0019921302795410157,2.574920654296875e-05,0.008527755737304688,0.00656437873840332,0.043508291244506836,0.05793619155883789,0.0542522668838501
I haven't taken calculus,edge-case,full_system,1,True,True,1.5302016735076904,1.5302016735076904,1.5302016735076904,1.5302016735076904,0.0,1.4771127700805664,1.4771127700805664,1.4771127700805664,0.0,0.0,0.0,0.00667119026184082,0.00667119026184082,0.00667119026184082,0.0459897518157959,0.0459897518157959,0.0459897518157959
I haven't taken calculus,edge-case,full_system,5,True,True,1.1236629486083984,1.6343414783477783,1.3411614418029785,1.3002727031707764,0.187761313188294,1.0580265522003174,1.581319808959961,1.2830035209655761,0.0,0.0,0.0,4.291534423828125e-05,0.008105039596557617,0.005438566207885742,0.046018362045288086,0.058672428131103516,0.052294158935546876
I haven't taken calculus,edge-case,full_system,10,True,True,1.1251428127288818,2.217102289199829,1.6457470417022706,1.6513179540634155,0.354410062490501,1.0717005729675293,2.1515941619873047,1.583221936225891,0.0,0.0,0.0,3.528594970703125e-05,0.008326053619384766,0.007103514671325683,0.0460968017578125,0.05803942680358887,0.054942870140075685
I want to learn machine learning and neural networks,semantic-only,no_gpt,1,False,True,0.07584357261657715,0.07584357261657715,0.07584357261657715,0.07584357261657715,0.0,0.0,0.0,0.0,0.0,0.0,0.0,0.047444820404052734,0.047444820404052734,0.047444820404052734,0.028095722198486328,0.028095722198486328,0.028095722198486328
I want to learn machine learning and neural networks,semantic-only,no_gpt,5,False,True,0.026779890060424805,0.028796911239624023,0.0275022029876709,0.027325153350830078,0.0007608210426643384,0.0,0.0,0.0,0.0,0.0,0.0,2.002716064453125e-05,2.2411346435546875e-05,2.0933151245117187e-05,0.026488542556762695,0.028496503829956055,0.027210760116577148
I want to learn machine learning and neural networks,semantic-only,no_gpt,10,False,True,0.02732110023498535,0.030150651931762695,0.028040361404418946,0.02760457992553711,0.0008876759747550496,0.0,0.0,0.0,0.0,0.0,0.0,2.0503997802734375e-05,2.288818359375e-05,2.1648406982421874e-05,0.027024507522583008,0.029840469360351562,0.027741765975952147
Courses about data structures and algorithms,semantic-only,no_gpt,1,False,True,0.03287005424499512,0.03287005424499512,0.03287005424499512,0.03287005424499512,0.0,0.0,0.0,0.0,0.0,0.0,0.0,0.003962516784667969,0.003962516784667969,0.003962516784667969,0.028646469116210938,0.028646469116210938,0.028646469116210938
Courses about data structures and algorithms,semantic-only,no_gpt,5,False,True,0.02707362174987793,0.02927708625793457,0.027832460403442384,0.02753448486328125,0.0008598391677096273,0.0,0.0,0.0,0.0,0.0,0.0,1.811981201171875e-05,1.8835067749023438e-05,1.850128173828125e-05,0.02678203582763672,0.028987407684326172,0.027540111541748048
Courses about data structures and algorithms,semantic-only,no_gpt,10,False,True,0.026706695556640625,0.029005050659179688,0.027392029762268066,0.02716231346130371,0.0007088908811151044,0.0,0.0,0.0,0.0,0.0,0.0,1.7404556274414062e-05,2.5033950805664062e-05,1.94549560546875e-05,0.026416301727294922,0.02869725227355957,0.027096891403198244
I'm interested in computer vision and image processing,semantic-only,no_gpt,1,False,True,0.030274391174316406,0.030274391174316406,0.030274391174316406,0.030274391174316406,0.0,0.0,0.0,0.0,0.0,0.0,0.0,0.003957033157348633,0.003957033157348633,0.003957033157348633,0.026047945022583008,0.026047945022583008,0.026047945022583008
I'm interested in computer vision and image processing,semantic-only,no_gpt,5,False,True,0.0271151065826416,0.028754711151123047,0.027873516082763672,0.02751946449279785,0.0007219704120801887,0.0,0.0,0.0,0.0,0.0,0.0,1.7642974853515625e-05,2.0503997802734375e-05,1.9359588623046876e-05,0.026816129684448242,0.02846074104309082,0.027575111389160155
I'm interested in computer vision and image processing,semantic-only,no_gpt,10,False,True,0.0268099308013916,0.02955937385559082,0.027922797203063964,0.027380824089050293,0.0009764069570662897,0.0,0.0,0.0,0.0,0.0,0.0,1.8596649169921875e-05,2.09808349609375e-05,2.0051002502441405e-05,0.02650904655456543,0.029272794723510742,0.027628278732299803
Optimization and operations research courses,semantic-only,no_gpt,1,False,True,0.030275821685791016,0.030275821685791016,0.030275821685791016,0.030275821685791016,0.0,0.0,0.0,0.0,0.0,0.0,0.0,0.003908395767211914,0.003908395767211914,0.003908395767211914,0.026094913482666016,0.026094913482666016,0.026094913482666016
Optimization and operations research courses,semantic-only,no_gpt,5,False,True,0.027054548263549805,0.029892444610595703,0.028514814376831055,0.028976917266845703,0.0012046528220600427,0.0,0.0,0.0,0.0,0.0,0.0,1.6689300537109375e-05,2.8371810913085938e-05,2.13623046875e-05,0.02676081657409668,0.029591798782348633,0.02821831703186035
Optimization and operations research courses,semantic-only,no_gpt,10,False,True,0.02758622169494629,0.02979731559753418,0.028709888458251953,0.0287705659866333,0.0006910175799127074,0.0,0.0,0.0,0.0,0.0,0.0,1.8596649169921875e-05,2.0742416381835938e-05,1.9669532775878906e-05,0.027289628982543945,0.029508352279663086,0.02841799259185791
Courses on database systems and SQL,semantic-only,no_gpt,1,False,True,0.03280496597290039,0.03280496597290039,0.03280496597290039,0.03280496597290039,0.0,0.0,0.0,0.0,0.0,0.0,0.0,0.003988504409790039,0.003988504409790039,0.003988504409790039,0.028537750244140625,0.028537750244140625,0.028537750244140625
Courses on database systems and SQL,semantic-only,no_gpt,5,False,True,0.028577566146850586,0.029297828674316406,0.028925275802612303,0.028826236724853516,0.00027927027731652746,0.0,0.0,0.0,0.0,0.0,0.0,1.8358230590820312e-05,2.0503997802734375e-05,1.969337463378906e-05,0.0282895565032959,0.02899456024169922,0.028625679016113282
Courses on database systems and SQL,semantic-only,no_gpt,10,False,True,0.028699636459350586,0.029273033142089844,0.028960609436035158,0.028966546058654785,0.00016243806162236402,0.0,0.0,0.0,0.0,0.0,0.0,1.9311904907226562e-05,2.4080276489257812e-05,2.067089080810547e-05,0.02840423583984375,0.028983592987060547,0.028666424751281738
I need CS 1332,id-only,no_gpt,1,False,True,0.03446531295776367,0.03446531295776367,0.03446531295776367,0.03446531295776367,0.0,0.0,0.0,0.0,0.0008797645568847656,0.0008797645568847656,0.0008797645568847656,0.003856658935546875,0.003856658935546875,0.003856658935546875,0.028281688690185547,0.028281688690185547,0.028281688690185547
I need CS 1332,id-only,no_gpt,5,False,True,0.029614925384521484,0.03194284439086914,0.030952024459838866,0.031085491180419922,0.0008528331620577291,0.0,0.0,0.0,0.0007996559143066406,0.0008397102355957031,0.0008238792419433594,1.5974044799804688e-05,2.0503997802734375e-05,1.7881393432617188e-05,0.027333498001098633,0.029667139053344727,0.028644466400146486
I need CS 1332,id-only,no_gpt,10,False,True,0.02921128273010254,0.03094935417175293,0.029519414901733397,0.02931952476501465,0.0005236058634904084,0.0,0.0,0.0,0.0008072853088378906,0.0008625984191894531,0.0008235692977905274,1.7404556274414062e-05,1.9311904907226562e-05,1.8048286437988282e-05,0.026915788650512695,0.028589725494384766,0.027208876609802247
CS 7641 or similar courses,id-only,no_gpt,1,False,True,0.0325007438659668,0.0325007438659668,0.0325007438659668,0.0325007438659668,0.0,0.0,0.0,0.0,0.0008370876312255859,0.0008370876312255859,0.0008370876312255859,0.0039052963256835938,0.0039052963256835938,0.0039052963256835938,0.0262911319732666,0.0262911319732666,0.0262911319732666
CS 7641 or similar courses,id-only,no_gpt,5,False,True,0.029111862182617188,0.02930593490600586,0.029212093353271483,0.0292360782623291,8.638366086233108e-05,0.0,0.0,0.0,0.0008013248443603516,0.0008442401885986328,0.0008155345916748047,1.6450881958007812e-05,1.8596649169921875e-05,1.79290771484375e-05,0.0267641544342041,0.027019262313842773,0.026906490325927734
CS 7641 or similar courses,id-only,no_gpt,10,False,True,0.029193878173828125,0.029656410217285156,0.029434704780578615,0.029415369033813477,0.00013902983302582292,0.0,0.0,0.0,0.0008046627044677734,0.0008437633514404297,0.0008172035217285156,1.7404556274414062e-05,1.9788742065429688e-05,1.8858909606933592e-05,0.02693009376525879,0.027325153350830078,0.027141690254211426
MATH 2106 and related courses,id-only,no_gpt,1,False,True,0.03377246856689453,0.03377246856689453,0.03377246856689453,0.03377246856689453,0.0,0.0,0.0,0.0,0.0008435249328613281,0.0008435249328613281,0.0008435249328613281,0.0038993358612060547,0.0038993358612060547,0.0038993358612060547,0.0271761417388916,0.0271761417388916,0.0271761417388916
MATH 2106 and related courses,id-only,no_gpt,5,False,True,0.02995920181274414,0.031301021575927734,0.030744075775146484,0.031168222427368164,0.0006673769793667166,0.0,0.0,0.0,0.0008268356323242188,0.0010020732879638672,0.0008661746978759766,1.5497207641601562e-05,2.9325485229492188e-05,2.036094665527344e-05,0.02722930908203125,0.02854323387145996,0.02788243293762207
MATH 2106 and related courses,id-only,no_gpt,10,False,True,0.02895522117614746,0.03125905990600586,0.030260252952575683,0.030432701110839844,0.0008815596596135671,0.0,0.0,0.0,0.000797271728515625,0.0008323192596435547,0.0008151769638061523,1.811981201171875e-05,2.3603439331054688e-05,1.9598007202148438e-05,0.026314496994018555,0.028568029403686523,0.027575922012329102
ISYE 6501,id-only,no_gpt,1,False,True,0.03242897987365723,0.03242897987365723,0.03242897987365723,0.03242897987365723,0.0,0.0,0.0,0.0,0.0008378028869628906,0.0008378028869628906,0.0008378028869628906,0.003937721252441406,0.003937721252441406,0.003937721252441406,0.02618885040283203,0.02618885040283203,0.02618885040283203
ISYE 6501,id-only,no_gpt,5,False,True,0.029088258743286133,0.029353857040405273,0.029278898239135744,0.02933979034423828,0.00011329180755076982,0.0,0.0,0.0,0.0008072853088378906,0.0008423328399658203,0.0008213043212890625,1.7881393432617188e-05,2.0265579223632812e-05,1.9598007202148438e-05,0.026816129684448242,0.027066707611083984,0.02697596549987793
ISYE 6501,id-only,no_gpt,10,False,True,0.029317617416381836,0.029840707778930664,0.029555773735046385,0.02950918674468994,0.00014964139941200954,0.0,0.0,0.0,0.0008027553558349609,0.0008413791656494141,0.0008157730102539062,1.8835067749023438e-05,2.3126602172851562e-05,2.162456512451172e-05,0.02705550193786621,0.027544736862182617,0.02725508213043213
Machine learning courses like CS 7641,mixed,no_gpt,1,False,True,0.03300213813781738,0.03300213813781738,0.03300213813781738,0.03300213813781738,0.0,0.0,0.0,0.0,0.0008358955383300781,0.0008358955383300781,0.0008358955383300781,0.003981590270996094,0.003981590270996094,0.003981590270996094,0.026352882385253906,0.026352882385253906,0.026352882385253906
Machine learning courses like CS 7641,mixed,no_gpt,5,False,True,0.02950739860534668,0.03108692169189453,0.029921531677246094,0.02959275245666504,0.0006679469358592569,0.0,0.0,0.0,0.0008063316345214844,0.0008304119110107422,0.0008127689361572266,1.9311904907226562e-05,2.0742416381835938e-05,1.9979476928710937e-05,0.026853561401367188,0.028384685516357422,0.027236747741699218
Machine learning courses like CS 7641,mixed,no_gpt,10,False,True,0.02956533432006836,0.03148031234741211,0.030045223236083985,0.02991008758544922,0.000555162572510205,0.0,0.0,0.0,0.0007960796356201172,0.0008366107940673828,0.0008081197738647461,1.9311904907226562e-05,3.457069396972656e-05,2.117156982421875e-05,0.026904821395874023,0.028801679611206055,0.02736785411834717
"Data structures courses, specifically CS 1332 or equivalent",mixed,no_gpt,1,False,True,0.0350804328918457,0.0350804328918457,0.0350804328918457,0.0350804328918457,0.0,0.0,0.0,0.0,0.0008416175842285156,0.0008416175842285156,0.0008416175842285156,0.003939390182495117,0.003939390182495117,0.003939390182495117,0.028488874435424805,0.028488874435424805,0.028488874435424805
"Data structures courses, specifically CS 1332 or equivalent",mixed,no_gpt,5,False,True,0.029425859451293945,0.031197547912597656,0.029919958114624022,0.02963089942932129,0.0007259609386123452,0.0,0.0,0.0,0.0008001327514648438,0.0008323192596435547,0.0008102893829345703,1.7642974853515625e-05,1.9550323486328125e-05,1.86920166015625e-05,0.0267946720123291,0.028531312942504883,0.027269268035888673
"Data structures courses, specifically CS 1332 or equivalent",mixed,no_gpt,10,False,True,0.029678821563720703,0.031526803970336914,0.029949092864990236,0.029779672622680664,0.000561844950036894,0.0,0.0,0.0,0.0007958412170410156,0.0008406639099121094,0.0008102655410766602,1.6689300537109375e-05,2.09808349609375e-05,1.9168853759765626e-05,0.027057886123657227,0.028821706771850586,0.027305173873901366
I want to take CS 4641 or other machine learning courses,mixed,no_gpt,1,False,True,0.03507256507873535,0.03507256507873535,0.03507256507873535,0.03507256507873535,0.0,0.0,0.0,0.0,0.0008428096771240234,0.0008428096771240234,0.0008428096771240234,0.004018545150756836,0.004018545150756836,0.004018545150756836,0.02837657928466797,0.02837657928466797,0.02837657928466797
I want to take CS 4641 or other machine learning courses,mixed,no_gpt,5,False,True,0.0295712947845459,0.03132438659667969,0.030000782012939452,0.029766082763671875,0.000746300778636966,0.0,0.0,0.0,0.0007963180541992188,0.0008349418640136719,0.0008115291595458985,1.5735626220703125e-05,1.9073486328125e-05,1.79290771484375e-05,0.026922225952148438,0.02860713005065918,0.027328681945800782
I want to take CS 4641 or other machine learning courses,mixed,no_gpt,10,False,True,0.029287099838256836,0.0313715934753418,0.02997126579284668,0.029876112937927246,0.0005662847995092248,0.0,0.0,0.0,0.0008060932159423828,0.0008604526519775391,0.0008156061172485352,1.71661376953125e-05,2.0265579223632812e-05,1.8548965454101562e-05,0.026594877243041992,0.02865147590637207,0.027295470237731934
"Optimization courses, maybe ISYE 6669",mixed,no_gpt,1,False,True,0.034345388412475586,0.034345388412475586,0.034345388412475586,0.034345388412475586,0.0,0.0,0.0,0.0,0.0008347034454345703,0.0008347034454345703,0.0008347034454345703,0.003870725631713867,0.003870725631713867,0.003870725631713867,0.028202533721923828,0.028202533721923828,0.028202533721923828
"Optimization courses, maybe ISYE 6669",mixed,no_gpt,5,False,True,0.02925276756286621,0.0314023494720459,0.029764223098754882,0.029343605041503906,0.0009206488190094861,0.0,0.0,0.0,0.0008060932159423828,0.0008559226989746094,0.000824880599975586,1.6927719116210938e-05,2.2649765014648438e-05,1.86920166015625e-05,0.02698802947998047,0.0290679931640625,0.027466726303100587
"Optimization courses, maybe ISYE 6669",mixed,no_gpt,10,False,True,0.028819799423217773,0.031201601028442383,0.02959861755371094,0.029452204704284668,0.0006175033138929399,0.0,0.0,0.0,0.0008034706115722656,0.0008671283721923828,0.0008244514465332031,1.6927719116210938e-05,2.5033950805664062e-05,1.957416534423828e-05,0.02654862403869629,0.02882862091064453,0.027289485931396483
ISYE courses on optimization and operations research,department-specific,no_gpt,1,False,True,0.03262066841125488,0.03262066841125488,0.03262066841125488,0.03262066841125488,0.0,0.0,0.0,0.0,0.0,0.0,0.0,0.003962516784667969,0.003962516784667969,0.003962516784667969,0.028381824493408203,0.028381824493408203,0.028381824493408203
ISYE courses on optimization and operations research,department-specific,no_gpt,5,False,True,0.02692890167236328,0.028646230697631836,0.02759699821472168,0.027536392211914062,0.0006990781860884022,0.0,0.0,0.0,0.0,0.0,0.0,1.9073486328125e-05,2.0503997802734375e-05,1.9979476928710937e-05,0.02663278579711914,0.028348684310913086,0.027291631698608397
ISYE courses on optimization and operations research,department-specific,no_gpt,10,False,True,0.026952028274536133,0.030165910720825195,0.02781970500946045,0.02771437168121338,0.0009258994313910335,0.0,0.0,0.0,0.0,0.0,0.0,2.002716064453125e-05,2.193450927734375e-05,2.0742416381835938e-05,0.026625871658325195,0.02983999252319336,0.02751467227935791
CS courses about artificial intelligence,department-specific,no_gpt,1,False,True,0.0325314998626709,0.0325314998626709,0.0325314998626709,0.0325314998626709,0.0,0.0,0.0,0.0,0.0,0.0,0.0,0.004005908966064453,0.004005908966064453,0.004005908966064453,0.028248071670532227,0.028248071670532227,0.028248071670532227
CS courses about artificial intelligence,department-specific,no_gpt,5,False,True,0.027297019958496094,0.029122114181518555,0.027863693237304688,0.02747178077697754,0.0007470331791373799,0.0,0.0,0.0,0.0,0.0,0.0,1.6927719116210938e-05,2.5033950805664062e-05,2.0170211791992186e-05,0.027014493942260742,0.028830528259277344,0.02757425308227539
CS courses about artificial intelligence,department-specific,no_gpt,10,False,True,0.02693963050842285,0.02906179428100586,0.027556395530700682,0.027350306510925293,0.0006148361325346255,0.0,0.0,0.0,0.0,0.0,0.0,1.9550323486328125e-05,2.1219253540039062e-05,2.036094665527344e-05,0.026634931564331055,0.028765201568603516,0.027256059646606445
MATH courses on linear algebra and calculus,department-specific,no_gpt,1,False,True,0.03234982490539551,0.03234982490539551,0.03234982490539551,0.03234982490539551,0.0,0.0,0.0,0.0,0.0,0.0,0.0,0.003930807113647461,0.003930807113647461,0.003930807113647461,0.028153419494628906,0.028153419494628906,0.028153419494628906
MATH courses on linear algebra and calculus,department-specific,no_gpt,5,False,True,0.026749849319458008,0.029127120971679688,0.027831459045410158,0.027767181396484375,0.000849841254373333,0.0,0.0,0.0,0.0,0.0,0.0,1.5497207641601562e-05,2.765655517578125e-05,1.94549560546875e-05,0.02646613121032715,0.02884078025817871,0.02753920555114746
MATH courses on linear algebra and calculus,department-specific,no_gpt,10,False,True,0.02657485008239746,0.028851747512817383,0.027336835861206055,0.027056574821472168,0.0007085665219064223,0.0,0.0,0.0,0.0,0.0,0.0,1.811981201171875e-05,2.5033950805664062e-05,1.9621849060058593e-05,0.02627396583557129,0.02855706214904785,0.02703824043273926
ECE courses on signal processing,department-specific,no_gpt,1,False,True,0.03029346466064453,0.03029346466064453,0.03029346466064453,0.03029346466064453,0.0,0.0,0.0,0.0,0.0,0.0,0.0,0.0039806365966796875,0.0039806365966796875,0.0039806365966796875,0.02605271339416504,0.02605271339416504,0.02605271339416504
ECE courses on signal processing,department-specific,no_gpt,5,False,True,0.026815414428710938,0.027393102645874023,0.02712273597717285,0.027260541915893555,0.0002730650047135518,0.0,0.0,0.0,0.0,0.0,0.0,1.5974044799804688e-05,1.9550323486328125e-05,1.8405914306640626e-05,0.02651691436767578,0.027091264724731445,0.026825666427612305
ECE courses on signal processing,department-specific,no_gpt,10,False,True,0.026694297790527344,0.02791452407836914,0.02736010551452637,0.02728736400604248,0.0004056314097879563,0.0,0.0,0.0,0.0,0.0,0.0,1.7881393432617188e-05,2.2411346435546875e-05,1.926422119140625e-05,0.026404380798339844,0.0276186466217041,0.02706599235534668
Graduate courses in computer vision,graduate-level,no_gpt,1,False,True,0.03041863441467285,0.03041863441467285,0.03041863441467285,0.03041863441467285,0.0,0.0,0.0,0.0,0.0,0.0,0.0,0.0038788318634033203,0.0038788318634033203,0.0038788318634033203,0.026272058486938477,0.026272058486938477,0.026272058486938477
Graduate courses in computer vision,graduate-level,no_gpt,5,False,True,0.027274370193481445,0.029033660888671875,0.028333663940429688,0.0288848876953125,0.0008572557589411931,0.0,0.0,0.0,0.0,0.0,0.0,1.6689300537109375e-05,1.9550323486328125e-05,1.86920166015625e-05,0.02697896957397461,0.028747081756591797,0.028040409088134766
Graduate courses in computer vision,graduate-level,no_gpt,10,False,True,0.026710987091064453,0.0289762020111084,0.02751424312591553,0.027408838272094727,0.0006335974370123632,0.0,0.0,0.0,0.0,0.0,0.0,1.8358230590820312e-05,2.09808349609375e-05,1.9741058349609374e-05,0.026415109634399414,0.028691768646240234,0.027221012115478515
Advanced machine learning courses for graduate students,graduate-level,no_gpt,1,False,True,0.03303217887878418,0.03303217887878418,0.03303217887878418,0.03303217887878418,0.0,0.0,0.0,0.0,0.0,0.0,0.0,0.003949403762817383,0.003949403762817383,0.003949403762817383,0.028809547424316406,0.028809547424316406,0.028809547424316406
Advanced machine learning courses for graduate students,graduate-level,no_gpt,5,False,True,0.026767492294311523,0.02884650230407715,0.02762947082519531,0.027422666549682617,0.0007890706927353045,0.0,0.0,0.0,0.0,0.0,0.0,1.8358230590820312e-05,2.0503997802734375e-05,1.983642578125e-05,0.02646183967590332,0.028543472290039062,0.027327632904052733
Advanced machine learning courses for graduate students,graduate-level,no_gpt,10,False,True,0.026766538619995117,0.02915334701538086,0.027358007431030274,0.02707207202911377,0.000725811568130672,0.0,0.0,0.0,0.0,0.0,0.0,1.9550323486328125e-05,2.1696090698242188e-05,2.0694732666015624e-05,0.026476621627807617,0.028848648071289062,0.027061104774475098
Courses with minimal prerequisites,edge-case,no_gpt,1,False,True,0.03271985054016113,0.03271985054016113,0.03271985054016113,0.03271985054016113,0.0,0.0,0.0,0.0,0.0,0.0,0.0,0.0039730072021484375,0.0039730072021484375,0.0039730072021484375,0.028475284576416016,0.028475284576416016,0.028475284576416016
Courses with minimal prerequisites,edge-case,no_gpt,5,False,True,0.026767730712890625,0.028945207595825195,0.02726750373840332,0.02690291404724121,0.0009404800564888673,0.0,0.0,0.0,0.0,0.0,0.0,1.621246337890625e-05,1.9073486328125e-05,1.778602600097656e-05,0.02647542953491211,0.028652429580688477,0.026975202560424804
Courses with minimal prerequisites,edge-case,no_gpt,10,False,True,0.0270993709564209,0.02921009063720703,0.02760629653930664,0.027194619178771973,0.0007115012884268037,0.0,0.0,0.0,0.0,0.0,0.0,1.7881393432617188e-05,1.9788742065429688e-05,1.8811225891113283e-05,0.02679157257080078,0.02891826629638672,0.02730722427368164
CS 1332 CS 1331,edge-case,no_gpt,1,False,True,0.036357879638671875,0.036357879638671875,0.036357879638671875,0.036357879638671875,0.0,0.0,0.0,0.0,0.0009102821350097656,0.0009102821350097656,0.0009102821350097656,0.003922224044799805,0.003922224044799805,0.003922224044799805,0.03003859519958496,0.03003859519958496,0.03003859519958496
CS 1332 CS 1331,edge-case,no_gpt,5,False,True,0.029405593872070312,0.03207659721374512,0.03031620979309082,0.029740571975708008,0.0010977748665259336,0.0,0.0,0.0,0.0008420944213867188,0.0009484291076660156,0.0008683681488037109,1.6689300537109375e-05,1.8358230590820312e-05,1.7595291137695312e-05,0.02709507942199707,0.029651641845703125,0.027967071533203124
CS 1332 CS 1331,edge-case,no_gpt,10,False,True,0.02942824363708496,0.029852628707885742,0.029674792289733888,0.0296938419342041,0.00012046441703737783,0.0,0.0,0.0,0.0008282661437988281,0.0008602142333984375,0.0008469820022583008,1.71661376953125e-05,2.002716064453125e-05,1.842975616455078e-05,0.027144670486450195,0.027518510818481445,0.02734794616699219
I haven't taken calculus,edge-case,no_gpt,1,False,True,0.0311124324798584,0.0311124324798584,0.0311124324798584,0.0311124324798584,0.0,0.0,0.0,0.0,0.0,0.0,0.0,0.003924369812011719,0.003924369812011719,0.003924369812011719,0.02691173553466797,0.02691173553466797,0.02691173553466797
I haven't taken calculus,edge-case,no_gpt,5,False,True,0.027302265167236328,0.02840709686279297,0.027895736694335937,0.027858734130859375,0.00045517626691721983,0.0,0.0,0.0,0.0,0.0,0.0,1.8596649169921875e-05,2.1219253540039062e-05,2.002716064453125e-05,0.0270082950592041,0.02810978889465332,0.027600574493408202
I haven't taken calculus,edge-case,no_gpt,10,False,True,0.027688980102539062,0.028458595275878906,0.027950620651245116,0.027811646461486816,0.00031191197517670507,0.0,0.0,0.0,0.0,0.0,0.0,1.9311904907226562e-05,2.288818359375e-05,2.0813941955566406e-05,0.02739882469177246,0.02816915512084961,0.02765834331512451
I want to learn machine learning and neural networks,semantic-only,no_id_matching,1,True,False,2.3159215450286865,2.3159215450286865,2.3159215450286865,2.3159215450286865,0.0,2.2836945056915283,2.2836945056915283,2.2836945056915283,0.0,0.0,0.0,0.004344463348388672,0.004344463348388672,0.004344463348388672,0.02761673927307129,0.02761673927307129,0.02761673927307129
I want to learn machine learning and neural networks,semantic-only,no_id_matching,5,True,False,1.5849101543426514,2.4119787216186523,1.913685178756714,1.7104170322418213,0.3778329473595816,1.521242618560791,2.379248857498169,1.8618616104125976,0.0,0.0,0.0,3.1948089599609375e-05,0.00840902328491211,0.004227638244628906,0.02812027931213379,0.05490398406982422,0.04722895622253418
I want to learn machine learning and neural networks,semantic-only,no_id_matching,10,True,False,1.4660329818725586,2.6372714042663574,2.0367793321609495,2.0867669582366943,0.36945714047428313,1.4325504302978516,2.571652889251709,1.977622151374817,0.0,0.0,0.0,2.86102294921875e-05,0.00869441032409668,0.0045135498046875,0.02858877182006836,0.05795574188232422,0.05420432090759277
Courses about data structures and algorithms,semantic-only,no_id_matching,1,True,False,1.6267063617706299,1.6267063617706299,1.6267063617706299,1.6267063617706299,0.0,1.5607373714447021,1.5607373714447021,1.5607373714447021,0.0,0.0,0.0,0.00826573371887207,0.00826573371887207,0.00826573371887207,0.057309865951538086,0.057309865951538086,0.057309865951538086
Courses about data structures and algorithms,semantic-only,no_id_matching,5,True,False,1.784273624420166,3.18721866607666,2.1684149742126464,1.9879791736602783,0.5768696990906151,1.72562837600708,3.121575117111206,2.1044517993927,0.0,0.0,0.0,3.7670135498046875e-05,0.008317708969116211,0.006588602066040039,0.05599522590637207,0.05810236930847168,0.056941795349121097
Courses about data structures and algorithms,semantic-only,no_id_matching,10,True,False,1.2427992820739746,3.29229998588562,1.7853187799453736,1.5345673561096191,0.6083576671610589,1.1910083293914795,3.22627592086792,1.7245849132537843,0.0,0.0,0.0,2.9802322387695312e-05,0.00848245620727539,0.003352713584899902,0.05136561393737793,0.05830812454223633,0.05692181587219238
I'm interested in computer vision and image processing,semantic-only,no_id_matching,1,True,False,1.9219868183135986,1.9219868183135986,1.9219868183135986,1.9219868183135986,0.0,1.8561601638793945,1.8561601638793945,1.8561601638793945,0.0,0.0,0.0,0.008357763290405273,0.008357763290405273,0.008357763290405273,0.05706667900085449,0.05706667900085449,0.05706667900085449
I'm interested in computer vision and image processing,semantic-only,no_id_matching,5,True,False,1.3332185745239258,2.7607221603393555,1.7977803230285645,1.446610689163208,0.6041531341069811,1.274547815322876,2.7066750526428223,1.7372432231903077,0.0,0.0,0.0,2.9325485229492188e-05,0.008473634719848633,0.0033829212188720703,0.05351853370666504,0.058132171630859375,0.05670652389526367
I'm interested in computer vision and image processing,semantic-only,no_id_matching,10,True,False,1.3446924686431885,2.2967236042022705,1.6811125993728637,1.6393314599990845,0.32501790492162164,1.2802672386169434,2.2303860187530518,1.6211736679077149,0.0,0.0,0.0,2.9802322387695312e-05,0.008500814437866211,0.004695224761962891,0.042987823486328125,0.05825686454772949,0.054804539680480956
Optimization and operations research courses,semantic-only,no_id_matching,1,True,False,2.1058199405670166,2.1058199405670166,2.1058199405670166,2.1058199405670166,0.0,2.040642261505127,2.040642261505127,2.040642261505127,0.0,0.0,0.0,0.008216142654418945,0.008216142654418945,0.008216142654418945,0.05654478073120117,0.05654478073120117,0.05654478073120117
Optimization and operations research courses,semantic-only,no_id_matching,5,True,False,1.2377068996429443,2.2628414630889893,1.8322601318359375,1.872020959854126,0.3809929624157276,1.1726603507995605,2.2045881748199463,1.7681332588195802,0.0,0.0,0.0,0.0073316097259521484,0.008336782455444336,0.00806879997253418,0.05052042007446289,0.057286739349365234,0.05563955307006836
Optimization and operations research courses,semantic-only,no_id_matching,10,True,False,1.2495644092559814,2.178380250930786,1.7171497583389281,1.694774866104126,0.35674375700574457,1.19097900390625,2.116396188735962,1.6566662073135376,0.0,0.0,0.0,3.528594970703125e-05,0.00839090347290039,0.0071753978729248045,0.04515242576599121,0.058043479919433594,0.05289998054504395
Courses on database systems and SQL,semantic-only,no_id_matching,1,True,False,1.5878269672393799,1.5878269672393799,1.5878269672393799,1.5878269672393799,0.0,1.5229008197784424,1.5229008197784424,1.5229008197784424,0.0,0.0,0.0,0.007548809051513672,0.007548809051513672,0.007548809051513672,0.0569612979888916,0.0569612979888916,0.0569612979888916
Courses on database systems and SQL,semantic-only,no_id_matching,5,True,False,1.7655088901519775,2.794586181640625,2.3228508949279787,2.3650996685028076,0.4479532380895175,1.7121942043304443,2.7290759086608887,2.2622366905212403,0.0,0.0,0.0,0.0066967010498046875,0.008344411849975586,0.007615518569946289,0.04577922821044922,0.05712556838989258,0.0525822639465332
Courses on database systems and SQL,semantic-only,no_id_matching,10,True,False,1.4274682998657227,2.966613531112671,2.139112615585327,2.0762380361557007,0.5704325990042985,1.3734800815582275,2.915074110031128,2.076970601081848,0.0,0.0,0.0,0.006350278854370117,0.009036064147949219,0.008193206787109376,0.042839765548706055,0.0572967529296875,0.053543710708618165
I need CS 1332,id-only,no_id_matching,1,True,False,1.6622040271759033,1.6622040271759033,1.6622040271759033,1.6622040271759033,0.0,1.5971217155456543,1.5971217155456543,1.5971217155456543,0.0,0.0,0.0,0.008266210556030273,0.008266210556030273,0.008266210556030273,0.05642080307006836,0.05642080307006836,0.05642080307006836
I need CS 1332,id-only,no_id_matching,5,True,False,1.2767913341522217,2.726186990737915,1.8943072319030763,1.8957102298736572,0.6291419682065346,1.2237818241119385,2.6797845363616943,1.8404170513153075,0.0,0.0,0.0,2.86102294921875e-05,0.008039474487304688,0.0029665946960449217,0.04584836959838867,0.057849884033203125,0.05049586296081543
I need CS 1332,id-only,no_id_matching,10,True,False,1.3307907581329346,2.1253256797790527,1.6970797061920166,1.6743099689483643,0.2604804660294398,1.2912578582763672,2.0600056648254395,1.6422883510589599,0.0,0.0,0.0,2.9325485229492188e-05,0.00872802734375,0.004802703857421875,0.03293800354003906,0.06457662582397461,0.04960565567016602
CS 7641 or similar courses,id-only,no_id_matching,1,True,False,2.307823896408081,2.307823896408081,2.307823896408081,2.307823896408081,0.0,2.2426745891571045,2.2426745891571045,2.2426745891571045,0.0,0.0,0.0,0.008238077163696289,0.008238077163696289,0.008238077163696289,0.05651068687438965,0.05651068687438965,0.05651068687438965
CS 7641 or similar courses,id-only,no_id_matching,5,True,False,1.4784986972808838,2.1792454719543457,1.840757703781128,1.7687664031982422,0.31446851828584166,1.4127917289733887,2.113722324371338,1.7780774593353272,0.0,0.0,0.0,0.00638580322265625,0.008369207382202148,0.007848024368286133,0.044619083404541016,0.05805611610412598,0.05442986488342285
CS 7641 or similar courses,id-only,no_id_matching,10,True,False,1.5858681201934814,2.5225040912628174,2.012109375,1.9704703092575073,0.2995103608892051,1.520155906677246,2.4715230464935303,1.9512176036834716,0.0,0.0,0.0,3.790855407714844e-05,0.0087127685546875,0.005522036552429199,0.04477858543395996,0.05807828903198242,0.05496139526367187
MATH 2106 and related courses,id-only,no_id_matching,1,True,False,1.5233871936798096,1.5233871936798096,1.5233871936798096,1.5233871936798096,0.0,1.4578099250793457,1.4578099250793457,1.4578099250793457,0.0,0.0,0.0,0.008279085159301758,0.008279085159301758,0.008279085159301758,0.056887149810791016,0.056887149810791016,0.056887149810791016
MATH 2106 and related courses,id-only,no_id_matching,5,True,False,1.2912044525146484,2.33482027053833,1.686046314239502,1.5059502124786377,0.40799762863774625,1.2328014373779297,2.2702887058258057,1.6267902851104736,0.0,0.0,0.0,3.5762786865234375e-05,0.008408069610595703,0.0033029556274414063,0.04859018325805664,0.0581357479095459,0.05553140640258789
MATH 2106 and related courses,id-only,no_id_matching,10,True,False,1.2387917041778564,2.3969812393188477,1.743220829963684,1.6443568468093872,0.4297452404184411,1.1774346828460693,2.33140230178833,1.6813678026199341,0.0,0.0,0.0,3.600120544433594e-05,0.008755207061767578,0.005837130546569824,0.04599785804748535,0.05926060676574707,0.055559539794921876
ISYE 6501,id-only,no_id_matching,1,True,False,1.8029403686523438,1.8029403686523438,1.8029403686523438,1.8029403686523438,0.0,1.745011806488037,1.745011806488037,1.745011806488037,0.0,0.0,0.0,0.006260395050048828,0.006260395050048828,0.006260395050048828,0.051271915435791016,0.051271915435791016,0.051271915435791016
ISYE 6501,id-only,no_id_matching,5,True,False,1.7289583683013916,3.377674102783203,2.3977108001708984,2.1779305934906006,0.6800651578816018,1.6771509647369385,3.312493324279785,2.335619592666626,0.0,0.0,0.0,0.006178855895996094,0.008404016494750977,0.007660627365112305,0.045198917388916016,0.05696749687194824,0.0540194034576416
ISYE 6501,id-only,no_id_matching,10,True,False,1.1718525886535645,3.0081734657287598,1.8533656358718873,1.6317033767700195,0.6405418893684733,1.1138179302215576,2.954695701599121,1.7948967695236206,0.0,0.0,0.0,3.5762786865234375e-05,0.008111953735351562,0.005083608627319336,0.04604959487915039,0.05826306343078613,0.05290045738220215
Machine learning courses like CS 7641,mixed,no_id_matching,1,True,False,1.7625105381011963,1.7625105381011963,1.7625105381011963,1.7625105381011963,0.0,1.6969530582427979,1.6969530582427979,1.6969530582427979,0.0,0.0,0.0,0.008212089538574219,0.008212089538574219,0.008212089538574219,0.056938886642456055,0.056938886642456055,0.056938886642456055
Machine learning courses like CS 7641,mixed,no_id_matching,5,True,False,1.6444783210754395,2.8670332431793213,2.44793119430542,2.4573795795440674,0.4905134606423559,1.5860016345977783,2.801439046859741,2.3838093280792236,0.0,0.0,0.0,3.361701965332031e-05,0.008281230926513672,0.00660247802734375,0.056729793548583984,0.057961225509643555,0.05709695816040039
Machine learning courses like CS 7641,mixed,no_id_matching,10,True,False,1.3428239822387695,3.254087448120117,2.305645394325256,2.129211187362671,0.6354172362620003,1.28922700881958,3.188626527786255,2.246396780014038,0.0,0.0,0.0,2.9325485229492188e-05,0.008764982223510742,0.0048847198486328125,0.0459897518157959,0.05815696716308594,0.05394132137298584
"Data structures courses, specifically CS 1332 or equivalent",mixed,no_id_matching,1,True,False,2.775026798248291,2.775026798248291,2.775026798248291,2.775026798248291,0.0,2.729736566543579,2.729736566543579,2.729736566543579,0.0,0.0,0.0,0.005267143249511719,0.005267143249511719,0.005267143249511719,0.039618730545043945,0.039618730545043945,0.039618730545043945
"Data structures courses, specifically CS 1332 or equivalent",mixed,no_id_matching,5,True,False,1.6114017963409424,2.7039172649383545,1.9720588207244873,1.7037792205810547,0.46936467344557176,1.5648677349090576,2.645932197570801,1.9118410110473634,0.0,0.0,0.0,3.0517578125e-05,0.008300065994262695,0.004935121536254883,0.04608511924743652,0.05753731727600098,0.0548703670501709
"Data structures courses, specifically CS 1332 or equivalent",mixed,no_id_matching,10,True,False,1.5109214782714844,2.925786256790161,2.0977202892303466,2.0109331607818604,0.4157831210410622,1.4554901123046875,2.8602213859558105,2.035869598388672,0.0,0.0,0.0,2.8371810913085938e-05,0.00883340835571289,0.006443977355957031,0.04526400566101074,0.05810689926147461,0.054988431930541995
I want to take CS 4641 or other machine learning courses,mixed,no_id_matching,1,True,False,1.3377995491027832,1.3377995491027832,1.3377995491027832,1.3377995491027832,0.0,1.27193284034729,1.27193284034729,1.27193284034729,0.0,0.0,0.0,0.008176326751708984,0.008176326751708984,0.008176326751708984,0.05728793144226074,0.05728793144226074,0.05728793144226074
I want to take CS 4641 or other machine learning courses,mixed,no_id_matching,5,True,False,1.5001120567321777,2.0228941440582275,1.6768671035766602,1.6633555889129639,0.2099079406174082,1.4535398483276367,1.9573862552642822,1.6211591243743897,0.0,0.0,0.0,3.0040740966796875e-05,0.008094310760498047,0.004304122924804687,0.04611515998840332,0.05795097351074219,0.05097417831420899
I want to take CS 4641 or other machine learning courses,mixed,no_id_matching,10,True,False,1.1257483959197998,2.7075912952423096,1.982118797302246,2.0348256826400757,0.48909164137259503,1.0669996738433838,2.6419413089752197,1.9222368717193603,0.0,0.0,0.0,2.9802322387695312e-05,0.008387565612792969,0.005358171463012695,0.04603910446166992,0.05844426155090332,0.0540879487991333
"Optimization courses, maybe ISYE 6669",mixed,no_id_matching,1,True,False,2.224940061569214,2.224940061569214,2.224940061569214,2.224940061569214,0.0,2.159644365310669,2.159644365310669,2.159644365310669,0.0,0.0,0.0,0.008234024047851562,0.008234024047851562,0.008234024047851562,0.05666661262512207,0.05666661262512207,0.05666661262512207
"Optimization courses, maybe ISYE 6669",mixed,no_id_matching,5,True,False,1.4297122955322266,2.8067445755004883,1.9629180431365967,1.880990743637085,0.5568772078517743,1.3834092617034912,2.7497732639312744,1.9053961277008056,0.0,0.0,0.0,2.8133392333984375e-05,0.008286714553833008,0.006314849853515625,0.045858144760131836,0.0571136474609375,0.0508000373840332
"Optimization courses, maybe ISYE 6669",mixed,no_id_matching,10,True,False,1.3683643341064453,2.932898998260498,2.0818790435791015,1.973703145980835,0.5361796008234496,1.3027698993682861,2.879603862762451,2.019769072532654,0.0,0.0,0.0,2.8371810913085938e-05,0.00885629653930664,0.007383489608764648,0.046051025390625,0.057935237884521484,0.05431110858917236
ISYE courses on optimization and operations research,department-specific,no_id_matching,1,True,False,1.2550971508026123,1.2550971508026123,1.2550971508026123,1.2550971508026123,0.0,1.2017736434936523,1.2017736434936523,1.2017736434936523,0.0,0.0,0.0,0.006608724594116211,0.006608724594116211,0.006608724594116211,0.04632925987243652,0.04632925987243652,0.04632925987243652
ISYE courses on optimization and operations research,department-specific,no_id_matching,5,True,False,1.411095380783081,2.186405897140503,1.752530574798584,1.5069200992584229,0.39602271389226623,1.3579552173614502,2.124380588531494,1.6921869277954102,0.0,0.0,0.0,3.62396240234375e-05,0.00835728645324707,0.004701995849609375,0.04599499702453613,0.05806374549865723,0.055196380615234374
ISYE courses on optimization and operations research,department-specific,no_id_matching,10,True,False,1.3500049114227295,3.128530263900757,1.928253436088562,1.844935655593872,0.5669075334243443,1.2913799285888672,3.06292462348938,1.869671392440796,0.0,0.0,0.0,3.504753112792969e-05,0.0083465576171875,0.004619789123535156,0.04183316230773926,0.058174848556518555,0.053529787063598636
CS courses about artificial intelligence,department-specific,no_id_matching,1,True,False,1.9355013370513916,1.9355013370513916,1.9355013370513916,1.9355013370513916,0.0,1.87699556350708,1.87699556350708,1.87699556350708,0.0,0.0,0.0,3.0994415283203125e-05,3.0994415283203125e-05,3.0994415283203125e-05,0.05797886848449707,0.05797886848449707,0.05797886848449707
CS courses about artificial intelligence,department-specific,no_id_matching,5,True,False,1.6139395236968994,3.0425679683685303,2.401369047164917,2.3525257110595703,0.5359573308624622,1.5482959747314453,2.9894704818725586,2.3400386810302733,0.0,0.0,0.0,3.409385681152344e-05,0.008355855941772461,0.006336688995361328,0.045981407165527344,0.05703449249267578,0.05457558631896973
CS courses about artificial intelligence,department-specific,no_id_matching,10,True,False,1.344102382659912,2.4040708541870117,1.6434363842010498,1.4544912576675415,0.3653561299312261,1.2854688167572021,2.3383567333221436,1.587142014503479,0.0,0.0,0.0,2.3365020751953125e-05,0.009060382843017578,0.0025914192199707033,0.040354251861572266,0.05847001075744629,0.05327444076538086
MATH courses on linear algebra and calculus,department-specific,no_id_matching,1,True,False,2.9398791790008545,2.9398791790008545,2.9398791790008545,2.9398791790008545,0.0,2.877925157546997,2.877925157546997,2.877925157546997,0.0,0.0,0.0,0.008009910583496094,0.008009910583496094,0.008009910583496094,0.05352306365966797,0.05352306365966797,0.05352306365966797
MATH courses on linear algebra and calculus,department-specific,no_id_matching,5,True,False,1.2684671878814697,2.037334680557251,1.6979102611541748,1.816141128540039,0.35019700425031286,1.2233080863952637,1.972970962524414,1.6394052028656005,0.0,0.0,0.0,2.956390380859375e-05,0.00812673568725586,0.006394529342651367,0.04355907440185547,0.05777096748352051,0.051691627502441405
MATH courses on linear algebra and calculus,department-specific,no_id_matching,10,True,False,1.1240060329437256,2.9899697303771973,1.5999626636505127,1.3882395029067993,0.5418669238426418,1.07906174659729,2.943324327468872,1.5437951803207397,0.0,0.0,0.0,2.8371810913085938e-05,0.008865833282470703,0.002349543571472168,0.044518232345581055,0.058225393295288086,0.05340011119842529
ECE courses on signal processing,department-specific,no_id_matching,1,True,False,1.402972936630249,1.402972936630249,1.402972936630249,1.402972936630249,0.0,1.3378338813781738,1.3378338813781738,1.3378338813781738,0.0,0.0,0.0,0.008335113525390625,0.008335113525390625,0.008335113525390625,0.05639958381652832,0.05639958381652832,0.05639958381652832
ECE courses on signal processing,department-specific,no_id_matching,5,True,False,1.4579098224639893,1.8297786712646484,1.6859429836273194,1.7997066974639893,0.1813902716990448,1.4114809036254883,1.7633743286132812,1.6253562450408936,0.0,0.0,0.0,3.719329833984375e-05,0.009797334671020508,0.005240154266357422,0.045990943908691406,0.05824637413024902,0.054940223693847656
ECE courses on signal processing,department-specific,no_id_matching,10,True,False,1.422347068786621,2.468233585357666,1.9057129859924316,1.9065353870391846,0.4457875027733021,1.3639001846313477,2.402010679244995,1.8463820695877076,0.0,0.0,0.0,3.0517578125e-05,0.008933544158935547,0.005558204650878906,0.04547452926635742,0.05794548988342285,0.05335478782653809
Graduate courses in computer vision,graduate-level,no_id_matching,1,True,False,1.5335681438446045,1.5335681438446045,1.5335681438446045,1.5335681438446045,0.0,1.4747884273529053,1.4747884273529053,1.4747884273529053,0.0,0.0,0.0,4.1484832763671875e-05,4.1484832763671875e-05,4.1484832763671875e-05,0.05821490287780762,0.05821490287780762,0.05821490287780762
Graduate courses in computer vision,graduate-level,no_id_matching,5,True,False,1.176091194152832,2.37601900100708,1.8442067146301269,2.0948355197906494,0.5449216353073871,1.1226699352264404,2.309955596923828,1.7850083351135253,0.0,0.0,0.0,3.3855438232421875e-05,0.00831294059753418,0.005975770950317383,0.04625535011291504,0.05814957618713379,0.0528104305267334
Graduate courses in computer vision,graduate-level,no_id_matching,10,True,False,1.349205493927002,2.8457300662994385,2.0009217739105223,1.9040199518203735,0.5513193344080111,1.2971901893615723,2.7872936725616455,1.9404141664505006,0.0,0.0,0.0,2.3365020751953125e-05,0.008436918258666992,0.00570526123046875,0.04236459732055664,0.0579988956451416,0.05439496040344238
Advanced machine learning courses for graduate students,graduate-level,no_id_matching,1,True,False,2.5106518268585205,2.5106518268585205,2.5106518268585205,2.5106518268585205,0.0,2.455207586288452,2.455207586288452,2.455207586288452,0.0,0.0,0.0,3.62396240234375e-05,3.62396240234375e-05,3.62396240234375e-05,0.05501532554626465,0.05501532554626465,0.05501532554626465
Advanced machine learning courses for graduate students,graduate-level,no_id_matching,5,True,False,1.5519657135009766,2.884219169616699,2.0395037174224853,1.8286991119384766,0.5191953724910714,1.4862499237060547,2.8183507919311523,1.974003267288208,0.0,0.0,0.0,0.008076667785644531,0.008444786071777344,0.008271074295043946,0.0564730167388916,0.05713176727294922,0.05681710243225098
Advanced machine learning courses for graduate students,graduate-level,no_id_matching,10,True,False,1.5669777393341064,3.0873706340789795,2.3642840147018434,2.4117523431777954,0.4565885541785793,1.5014073848724365,3.023447275161743,2.3013498544692994,0.0,0.0,0.0,3.0279159545898438e-05,0.008847951889038086,0.0066355705261230465,0.04628920555114746,0.058034658432006836,0.055883479118347165
Courses with minimal prerequisites,edge-case,no_id_matching,1,True,False,2.0235390663146973,2.0235390663146973,2.0235390663146973,2.0235390663146973,0.0,1.9581422805786133,1.9581422805786133,1.9581422805786133,0.0,0.0,0.0,0.008473634719848633,0.008473634719848633,0.008473634719848633,0.05651116371154785,0.05651116371154785,0.05651116371154785
Courses with minimal prerequisites,edge-case,no_id_matching,5,True,False,1.4605340957641602,2.5970094203948975,1.851196002960205,1.7087020874023438,0.442026081597846,1.4097402095794678,2.5478053092956543,1.7935256958007812,0.0,0.0,0.0,5.0067901611328125e-05,0.008299589157104492,0.006257295608520508,0.04084467887878418,0.05703163146972656,0.051009178161621094
Courses with minimal prerequisites,edge-case,no_id_matching,10,True,False,1.3878662586212158,3.405485153198242,1.972554326057434,1.8448071479797363,0.612442035604327,1.329066514968872,3.329007148742676,1.9096487760543823,0.0,0.0,0.0,3.62396240234375e-05,0.008644819259643555,0.005563855171203613,0.04608726501464844,0.07604146003723145,0.056917428970336914
CS 1332 CS 1331,edge-case,no_id_matching,1,True,False,2.9093949794769287,2.9093949794769287,2.9093949794769287,2.9093949794769287,0.0,2.8451638221740723,2.8451638221740723,2.8451638221740723,0.0,0.0,0.0,0.008044958114624023,0.008044958114624023,0.008044958114624023,0.05576777458190918,0.05576777458190918,0.05576777458190918
CS 1332 CS 1331,edge-case,no_id_matching,5,True,False,1.7541873455047607,2.778233528137207,2.1632358551025392,1.9103503227233887,0.467050998945575,1.7014787197113037,2.7349612712860107,2.109359788894653,0.0,0.0,0.0,3.0040740966796875e-05,0.008501291275024414,0.005714321136474609,0.042862653732299805,0.05681133270263672,0.047756385803222653
CS 1332 CS 1331,edge-case,no_id_matching,10,True,False,1.7002944946289062,3.242318868637085,2.3467551946640013,2.294352650642395,0.5099536748365028,1.6341054439544678,3.1765520572662354,2.2853490114212036,0.0,0.0,0.0,0.00635218620300293,0.008959770202636719,0.007726049423217774,0.04537057876586914,0.05718421936035156,0.05327548980712891
I haven't taken calculus,edge-case,no_id_matching,1,True,False,2.015676975250244,2.015676975250244,2.015676975250244,2.015676975250244,0.0,1.9642326831817627,1.9642326831817627,1.9642326831817627,0.0,0.0,0.0,0.0062639713287353516,0.0062639713287353516,0.0062639713287353516,0.0447995662689209,0.0447995662689209,0.0447995662689209
I haven't taken calculus,edge-case,no_id_matching,5,True,False,1.2985749244689941,1.6423592567443848,1.5198383331298828,1.5271804332733154,0.13530953255544376,1.2399649620056152,1.5838954448699951,1.4651204109191895,0.0,0.0,0.0,3.409385681152344e-05,0.006303071975708008,0.0012904644012451173,0.04461812973022461,0.05809617042541504,0.05297045707702637
I haven't taken calculus,edge-case,no_id_matching,10,True,False,1.2475135326385498,2.409047842025757,1.6819207429885865,1.3970680236816406,0.461405068906449,1.1977565288543701,2.343629837036133,1.6247434854507445,0.0,0.0,0.0,2.9325485229492188e-05,0.00834965705871582,0.0032776832580566407,0.04017901420593262,0.05926108360290527,0.05350403785705567
I want to learn machine learning and neural networks,semantic-only,minimal,1,False,False,0.03521466255187988,0.03521466255187988,0.03521466255187988,0.03521466255187988,0.0,0.0,0.0,0.0,0.0,0.0,0.0,2.956390380859375e-05,2.956390380859375e-05,2.956390380859375e-05,0.03491854667663574,0.03491854667663574,0.03491854667663574
I want to learn machine learning and neural networks,semantic-only,minimal,5,False,False,0.02792191505432129,0.029559612274169922,0.02891120910644531,0.02920365333557129,0.0006534555390817407,0.0,0.0,0.0,0.0,0.0,0.0,2.0503997802734375e-05,2.2411346435546875e-05,2.13623046875e-05,0.027651548385620117,0.029275894165039062,0.028628110885620117
I want to learn machine learning and neural networks,semantic-only,minimal,10,False,False,0.028564453125,0.02945995330810547,0.02903909683227539,0.029079794883728027,0.00025469638836863554,0.0,0.0,0.0,0.0,0.0,0.0,2.002716064453125e-05,2.2649765014648438e-05,2.13623046875e-05,0.028261899948120117,0.028922557830810547,0.028710126876831055
Courses about data structures and algorithms,semantic-only,minimal,1,False,False,0.028565406799316406,0.028565406799316406,0.028565406799316406,0.028565406799316406,0.0,0.0,0.0,0.0,0.0,0.0,0.0,1.9550323486328125e-05,1.9550323486328125e-05,1.9550323486328125e-05,0.028291702270507812,0.028291702270507812,0.028291702270507812
Courses about data structures and algorithms,semantic-only,minimal,5,False,False,0.028835058212280273,0.02928900718688965,0.029033994674682616,0.02898383140563965,0.00020336123707798799,0.0,0.0,0.0,0.0,0.0,0.0,1.9311904907226562e-05,2.1457672119140625e-05,1.9979476928710937e-05,0.028545379638671875,0.028994321823120117,0.02874331474304199
Courses about data structures and algorithms,semantic-only,minimal,10,False,False,0.028725147247314453,0.02948760986328125,0.029181194305419923,0.029204487800598145,0.0002573710567367684,0.0,0.0,0.0,0.0,0.0,0.0,1.9073486328125e-05,2.288818359375e-05,2.0098686218261718e-05,0.028451919555664062,0.029182910919189453,0.028889036178588866
I'm interested in computer vision and image processing,semantic-only,minimal,1,False,False,0.02843642234802246,0.02843642234802246,0.02843642234802246,0.02843642234802246,0.0,0.0,0.0,0.0,0.0,0.0,0.0,2.0503997802734375e-05,2.0503997802734375e-05,2.0503997802734375e-05,0.02816295623779297,0.02816295623779297,0.02816295623779297
I'm interested in computer vision and image processing,semantic-only,minimal,5,False,False,0.02864360809326172,0.029149770736694336,0.02895040512084961,0.028981924057006836,0.00019545390216106672,0.0,0.0,0.0,0.0,0.0,0.0,1.9788742065429688e-05,2.193450927734375e-05,2.036094665527344e-05,0.028366565704345703,0.02885723114013672,0.028664255142211915
I'm interested in computer vision and image processing,semantic-only,minimal,10,False,False,0.028441905975341797,0.029251813888549805,0.028977179527282716,0.028992176055908203,0.0002350696347138006,0.0,0.0,0.0,0.0,0.0,0.0,1.9311904907226562e-05,2.5510787963867188e-05,2.0837783813476564e-05,0.028171062469482422,0.028957605361938477,0.02868938446044922
Optimization and operations research courses,semantic-only,minimal,1,False,False,0.028984785079956055,0.028984785079956055,0.028984785079956055,0.028984785079956055,0.0,0.0,0.0,0.0,0.0,0.0,0.0,1.9550323486328125e-05,1.9550323486328125e-05,1.9550323486328125e-05,0.02868819236755371,0.02868819236755371,0.02868819236755371
Optimization and operations research courses,semantic-only,minimal,5,False,False,0.028882503509521484,0.029597043991088867,0.029224443435668945,0.029253721237182617,0.00029132747542284906,0.0,0.0,0.0,0.0,0.0,0.0,2.0265579223632812e-05,2.09808349609375e-05,2.0551681518554688e-05,0.02859354019165039,0.02930593490600586,0.028933238983154298
Optimization and operations research courses,semantic-only,minimal,10,False,False,0.028512239456176758,0.02982616424560547,0.029043412208557128,0.02889072895050049,0.0003917582104979388,0.0,0.0,0.0,0.0,0.0,0.0,1.9311904907226562e-05,2.193450927734375e-05,2.052783966064453e-05,0.028249740600585938,0.029515743255615234,0.028753829002380372
Courses on database systems and SQL,semantic-only,minimal,1,False,False,0.02856731414794922,0.02856731414794922,0.02856731414794922,0.02856731414794922,0.0,0.0,0.0,0.0,0.0,0.0,0.0,2.1219253540039062e-05,2.1219253540039062e-05,2.1219253540039062e-05,0.028297901153564453,0.028297901153564453,0.028297901153564453
Courses on database systems and SQL,semantic-only,minimal,5,False,False,0.028907060623168945,0.029049396514892578,0.028972768783569337,0.028978824615478516,5.867848874989839e-05,0.0,0.0,0.0,0.0,0.0,0.0,1.9788742065429688e-05,2.0742416381835938e-05,2.0313262939453126e-05,0.02861642837524414,0.028738975524902344,0.028681278228759766
Courses on database systems and SQL,semantic-only,minimal,10,False,False,0.02861475944519043,0.029241085052490234,0.02897496223449707,0.02903604507446289,0.00023747854351077548,0.0,0.0,0.0,0.0,0.0,0.0,1.9788742065429688e-05,2.0742416381835938e-05,2.0384788513183594e-05,0.028338193893432617,0.028954029083251953,0.028684186935424804
I need CS 1332,id-only,minimal,1,False,False,0.029164552688598633,0.029164552688598633,0.029164552688598633,0.029164552688598633,0.0,0.0,0.0,0.0,0.0,0.0,0.0,2.0742416381835938e-05,2.0742416381835938e-05,2.0742416381835938e-05,0.028874635696411133,0.028874635696411133,0.028874635696411133
I need CS 1332,id-only,minimal,5,False,False,0.028707027435302734,0.02893209457397461,0.028795146942138673,0.02875804901123047,0.00010061780975042782,0.0,0.0,0.0,0.0,0.0,0.0,1.9550323486328125e-05,2.0503997802734375e-05,2.0170211791992186e-05,0.028415679931640625,0.02864551544189453,0.028508758544921874
I need CS 1332,id-only,minimal,10,False,False,0.028674840927124023,0.029521465301513672,0.02898099422454834,0.028931856155395508,0.0002429162403721257,0.0,0.0,0.0,0.0,0.0,0.0,1.9073486328125e-05,2.574920654296875e-05,2.0599365234375e-05,0.02839183807373047,0.0292203426361084,0.028691935539245605
CS 7641 or similar courses,id-only,minimal,1,False,False,0.02922201156616211,0.02922201156616211,0.02922201156616211,0.02922201156616211,0.0,0.0,0.0,0.0,0.0,0.0,0.0,2.1457672119140625e-05,2.1457672119140625e-05,2.1457672119140625e-05,0.0289309024810791,0.0289309024810791,0.0289309024810791
CS 7641 or similar courses,id-only,minimal,5,False,False,0.028852462768554688,0.029051780700683594,0.02895698547363281,0.02895808219909668,7.225078256108442e-05,0.0,0.0,0.0,0.0,0.0,0.0,2.0503997802734375e-05,2.2172927856445312e-05,2.1266937255859376e-05,0.02856731414794922,0.028763532638549805,0.028667402267456055
CS 7641 or similar courses,id-only,minimal,10,False,False,0.02849292755126953,0.02919316291809082,0.028939175605773925,0.028963565826416016,0.00021174594737756024,0.0,0.0,0.0,0.0,0.0,0.0,1.9311904907226562e-05,2.2649765014648438e-05,2.0742416381835938e-05,0.028208255767822266,0.02889275550842285,0.028649401664733887
MATH 2106 and related courses,id-only,minimal,1,False,False,0.028891801834106445,0.028891801834106445,0.028891801834106445,0.028891801834106445,0.0,0.0,0.0,0.0,0.0,0.0,0.0,2.193450927734375e-05,2.193450927734375e-05,2.193450927734375e-05,0.028598308563232422,0.028598308563232422,0.028598308563232422
MATH 2106 and related courses,id-only,minimal,5,False,False,0.028612852096557617,0.029559612274169922,0.028887033462524414,0.02871537208557129,0.0003879608408290006,0.0,0.0,0.0,0.0,0.0,0.0,1.9550323486328125e-05,2.2172927856445312e-05,2.0837783813476564e-05,0.02833700180053711,0.02925896644592285,0.028604412078857423
MATH 2106 and related courses,id-only,minimal,10,False,False,0.028527259826660156,0.029296398162841797,0.028926539421081542,0.028925538063049316,0.00023100090698234045,0.0,0.0,0.0,0.0,0.0,0.0,2.0742416381835938e-05,2.2649765014648438e-05,2.1195411682128908e-05,0.028259754180908203,0.028998136520385742,0.028639960289001464
ISYE 6501,id-only,minimal,1,False,False,0.028635501861572266,0.028635501861572266,0.028635501861572266,0.028635501861572266,0.0,0.0,0.0,0.0,0.0,0.0,0.0,2.3365020751953125e-05,2.3365020751953125e-05,2.3365020751953125e-05,0.028356075286865234,0.028356075286865234,0.028356075286865234
ISYE 6501,id-only,minimal,5,False,False,0.028522253036499023,0.02894282341003418,0.02875494956970215,0.028836727142333984,0.00019141708495200272,0.0,0.0,0.0,0.0,0.0,0.0,2.1696090698242188e-05,2.5987625122070312e-05,2.32696533203125e-05,0.028246402740478516,0.028659582138061523,0.02847299575805664
ISYE 6501,id-only,minimal,10,False,False,0.028652191162109375,0.02948617935180664,0.02895817756652832,0.028923392295837402,0.00025325473437509054,0.0,0.0,0.0,0.0,0.0,0.0,2.2411346435546875e-05,2.4557113647460938e-05,2.338886260986328e-05,0.028370141983032227,0.02919602394104004,0.0286663293838501
Machine learning courses like CS 7641,mixed,minimal,1,False,False,0.028759002685546875,0.028759002685546875,0.028759002685546875,0.028759002685546875,0.0,0.0,0.0,0.0,0.0,0.0,0.0,2.3126602172851562e-05,2.3126602172851562e-05,2.3126602172851562e-05,0.028474092483520508,0.028474092483520508,0.028474092483520508
Machine learning courses like CS 7641,mixed,minimal,5,False,False,0.028612613677978516,0.029056549072265625,0.028814315795898438,0.028809785842895508,0.00016430370355884357,0.0,0.0,0.0,0.0,0.0,0.0,2.1219253540039062e-05,2.3126602172851562e-05,2.1886825561523437e-05,0.02832174301147461,0.028766632080078125,0.02852482795715332
Machine learning courses like CS 7641,mixed,minimal,10,False,False,0.02855372428894043,0.029862165451049805,0.029093599319458006,0.02913522720336914,0.0003731206362822036,0.0,0.0,0.0,0.0,0.0,0.0,2.1219253540039062e-05,3.147125244140625e-05,2.3555755615234374e-05,0.02827143669128418,0.029547691345214844,0.028795146942138673
"Data structures courses, specifically CS 1332 or equivalent",mixed,minimal,1,False,False,0.028714656829833984,0.028714656829833984,0.028714656829833984,0.028714656829833984,0.0,0.0,0.0,0.0,0.0,0.0,0.0,2.3126602172851562e-05,2.3126602172851562e-05,2.3126602172851562e-05,0.028438091278076172,0.028438091278076172,0.028438091278076172
"Data structures courses, specifically CS 1332 or equivalent",mixed,minimal,5,False,False,0.02862548828125,0.02901148796081543,0.028850269317626954,0.028837919235229492,0.00016490522254142755,0.0,0.0,0.0,0.0,0.0,0.0,2.002716064453125e-05,2.2411346435546875e-05,2.1219253540039062e-05,0.028356552124023438,0.028731584548950195,0.0285738468170166
"Data structures courses, specifically CS 1332 or equivalent",mixed,minimal,10,False,False,0.028492450714111328,0.030395030975341797,0.02915635108947754,0.028966307640075684,0.0007333005612720848,0.0,0.0,0.0,0.0,0.0,0.0,1.9550323486328125e-05,2.7894973754882812e-05,2.1719932556152342e-05,0.02822256088256836,0.03009796142578125,0.0288679838180542
I want to take CS 4641 or other machine learning courses,mixed,minimal,1,False,False,0.028972625732421875,0.028972625732421875,0.028972625732421875,0.028972625732421875,0.0,0.0,0.0,0.0,0.0,0.0,0.0,2.1219253540039062e-05,2.1219253540039062e-05,2.1219253540039062e-05,0.02867579460144043,0.02867579460144043,0.02867579460144043
I want to take CS 4641 or other machine learning courses,mixed,minimal,5,False,False,0.028805017471313477,0.029355764389038086,0.02919154167175293,0.02928948402404785,0.00022252120856387187,0.0,0.0,0.0,0.0,0.0,0.0,2.09808349609375e-05,2.1696090698242188e-05,2.13623046875e-05,0.02852606773376465,0.02906322479248047,0.028899478912353515
I want to take CS 4641 or other machine learning courses,mixed,minimal,10,False,False,0.02843928337097168,0.029563426971435547,0.02898590564727783,0.028917431831359863,0.00034165315002406904,0.0,0.0,0.0,0.0,0.0,0.0,2.0265579223632812e-05,2.8371810913085938e-05,2.1910667419433595e-05,0.028174877166748047,0.029254436492919922,0.028699254989624022
"Optimization courses, maybe ISYE 6669",mixed,minimal,1,False,False,0.028522729873657227,0.028522729873657227,0.028522729873657227,0.028522729873657227,0.0,0.0,0.0,0.0,0.0,0.0,0.0,2.0265579223632812e-05,2.0265579223632812e-05,2.0265579223632812e-05,0.028254985809326172,0.028254985809326172,0.028254985809326172
"Optimization courses, maybe ISYE 6669",mixed,minimal,5,False,False,0.028758525848388672,0.02980518341064453,0.02912149429321289,0.02907562255859375,0.00041763033293685034,0.0,0.0,0.0,0.0,0.0,0.0,1.9073486328125e-05,2.0265579223632812e-05,1.969337463378906e-05,0.028464555740356445,0.029516935348510742,0.028832054138183592
"Optimization courses, maybe ISYE 6669",mixed,minimal,10,False,False,0.028517484664916992,0.029358386993408203,0.028968954086303712,0.02895808219909668,0.00025717710140465554,0.0,0.0,0.0,0.0,0.0,0.0,1.9073486328125e-05,2.0503997802734375e-05,1.9598007202148438e-05,0.02824997901916504,0.02906179428100586,0.028685474395751955
ISYE courses on optimization and operations research,department-specific,minimal,1,False,False,0.028501272201538086,0.028501272201538086,0.028501272201538086,0.028501272201538086,0.0,0.0,0.0,0.0,0.0,0.0,0.0,2.3126602172851562e-05,2.3126602172851562e-05,2.3126602172851562e-05,0.02822732925415039,0.02822732925415039,0.02822732925415039
ISYE courses on optimization and operations research,department-specific,minimal,5,False,False,0.02866530418395996,0.029239416122436523,0.028963422775268553,0.028957843780517578,0.00020768903668910414,0.0,0.0,0.0,0.0,0.0,0.0,2.1696090698242188e-05,2.8848648071289062e-05,2.3746490478515624e-05,0.02837991714477539,0.028942584991455078,0.028674602508544922
ISYE courses on optimization and operations research,department-specific,minimal,10,False,False,0.028499126434326172,0.029558658599853516,0.028817200660705568,0.02872610092163086,0.0003168327753655557,0.0,0.0,0.0,0.0,0.0,0.0,2.1219253540039062e-05,2.384185791015625e-05,2.224445343017578e-05,0.028227567672729492,0.02927398681640625,0.02853555679321289
CS courses about artificial intelligence,department-specific,minimal,1,False,False,0.02866983413696289,0.02866983413696289,0.02866983413696289,0.02866983413696289,0.0,0.0,0.0,0.0,0.0,0.0,0.0,2.1696090698242188e-05,2.1696090698242188e-05,2.1696090698242188e-05,0.0283963680267334,0.0283963680267334,0.0283963680267334
CS courses about artificial intelligence,department-specific,minimal,5,False,False,0.02864551544189453,0.02906489372253418,0.028838682174682616,0.02887105941772461,0.00016971253439796292,0.0,0.0,0.0,0.0,0.0,0.0,2.0503997802734375e-05,2.193450927734375e-05,2.0837783813476564e-05,0.02837538719177246,0.028779983520507812,0.028556203842163085
CS courses about artificial intelligence,department-specific,minimal,10,False,False,0.02843308448791504,0.02939152717590332,0.028791403770446776,0.028766870498657227,0.0002754597519497801,0.0,0.0,0.0,0.0,0.0,0.0,2.0265579223632812e-05,2.4557113647460938e-05,2.1219253540039062e-05,0.02817392349243164,0.0290830135345459,0.028510189056396483
MATH courses on linear algebra and calculus,department-specific,minimal,1,False,False,0.028607845306396484,0.028607845306396484,0.028607845306396484,0.028607845306396484,0.0,0.0,0.0,0.0,0.0,0.0,0.0,1.9550323486328125e-05,1.9550323486328125e-05,1.9550323486328125e-05,0.028325557708740234,0.028325557708740234,0.028325557708740234
MATH courses on linear algebra and calculus,department-specific,minimal,5,False,False,0.028652191162109375,0.029000282287597656,0.028832483291625976,0.02887558937072754,0.00015744188897809808,0.0,0.0,0.0,0.0,0.0,0.0,1.9550323486328125e-05,2.0265579223632812e-05,1.9884109497070314e-05,0.0283663272857666,0.028717756271362305,0.028546476364135744
MATH courses on linear algebra and calculus,department-specific,minimal,10,False,False,0.028643131256103516,0.02940511703491211,0.028937458992004395,0.028954029083251953,0.00022200811990946245,0.0,0.0,0.0,0.0,0.0,0.0,1.8596649169921875e-05,2.09808349609375e-05,1.952648162841797e-05,0.028369903564453125,0.02912163734436035,0.02865135669708252
ECE courses on signal processing,department-specific,minimal,1,False,False,0.02895641326904297,0.02895641326904297,0.02895641326904297,0.02895641326904297,0.0,0.0,0.0,0.0,0.0,0.0,0.0,2.765655517578125e-05,2.765655517578125e-05,2.765655517578125e-05,0.02866363525390625,0.02866363525390625,0.02866363525390625
ECE courses on signal processing,department-specific,minimal,5,False,False,0.029285192489624023,0.02942347526550293,0.02934117317199707,0.029325246810913086,5.784842504717307e-05,0.0,0.0,0.0,0.0,0.0,0.0,1.9788742065429688e-05,2.1457672119140625e-05,2.0503997802734375e-05,0.02899456024169922,0.02912306785583496,0.029047584533691405
ECE courses on signal processing,department-specific,minimal,10,False,False,0.028701305389404297,0.029311418533325195,0.028943443298339845,0.028956055641174316,0.00017695674716328706,0.0,0.0,0.0,0.0,0.0,0.0,1.9073486328125e-05,2.5987625122070312e-05,2.1028518676757813e-05,0.028407573699951172,0.02902364730834961,0.02865629196166992
Graduate courses in computer vision,graduate-level,minimal,1,False,False,0.028577804565429688,0.028577804565429688,0.028577804565429688,0.028577804565429688,0.0,0.0,0.0,0.0,0.0,0.0,0.0,2.3126602172851562e-05,2.3126602172851562e-05,2.3126602172851562e-05,0.028299570083618164,0.028299570083618164,0.028299570083618164
Graduate courses in computer vision,graduate-level,minimal,5,False,False,0.028659582138061523,0.029050350189208984,0.028841686248779298,0.02877211570739746,0.0001925525923036831,0.0,0.0,0.0,0.0,0.0,0.0,2.1219253540039062e-05,2.2411346435546875e-05,2.1648406982421874e-05,0.02837848663330078,0.028769731521606445,0.028554964065551757
Graduate courses in computer vision,graduate-level,minimal,10,False,False,0.028737783432006836,0.02939772605895996,0.029078364372253418,0.02906811237335205,0.00019910973790899025,0.0,0.0,0.0,0.0,0.0,0.0,2.1219253540039062e-05,2.5272369384765625e-05,2.2172927856445312e-05,0.028458356857299805,0.029099225997924805,0.028787398338317872
Advanced machine learning courses for graduate students,graduate-level,minimal,1,False,False,0.02893996238708496,0.02893996238708496,0.02893996238708496,0.02893996238708496,0.0,0.0,0.0,0.0,0.0,0.0,0.0,2.1696090698242188e-05,2.1696090698242188e-05,2.1696090698242188e-05,0.02864670753479004,0.02864670753479004,0.02864670753479004
Advanced machine learning courses for graduate students,graduate-level,minimal,5,False,False,0.02884697914123535,0.029232501983642578,0.02907099723815918,0.029119491577148438,0.00015813988218479007,0.0,0.0,0.0,0.0,0.0,0.0,2.002716064453125e-05,2.6226043701171875e-05,2.1886825561523437e-05,0.02855539321899414,0.028934717178344727,0.02877779006958008
Advanced machine learning courses for graduate students,graduate-level,minimal,10,False,False,0.028679370880126953,0.02926158905029297,0.028927040100097657,0.02887260913848877,0.00016828714601558304,0.0,0.0,0.0,0.0,0.0,0.0,2.0742416381835938e-05,2.1696090698242188e-05,2.1219253540039062e-05,0.028402328491210938,0.02896404266357422,0.028639769554138182
Courses with minimal prerequisites,edge-case,minimal,1,False,False,0.02901911735534668,0.02901911735534668,0.02901911735534668,0.02901911735534668,0.0,0.0,0.0,0.0,0.0,0.0,0.0,1.9788742065429688e-05,1.9788742065429688e-05,1.9788742065429688e-05,0.028734683990478516,0.028734683990478516,0.028734683990478516
Courses with minimal prerequisites,edge-case,minimal,5,False,False,0.028499603271484375,0.029259204864501953,0.028835391998291014,0.028760433197021484,0.0003047804861400512,0.0,0.0,0.0,0.0,0.0,0.0,1.9073486328125e-05,2.0265579223632812e-05,1.9502639770507812e-05,0.0282285213470459,0.028969287872314453,0.028553533554077148
Courses with minimal prerequisites,edge-case,minimal,10,False,False,0.028690099716186523,0.029449939727783203,0.02888467311859131,0.028795838356018066,0.00021801925773776132,0.0,0.0,0.0,0.0,0.0,0.0,1.8596649169921875e-05,1.9550323486328125e-05,1.9073486328125e-05,0.028407573699951172,0.02916884422302246,0.028599858283996582
CS 1332 CS 1331,edge-case,minimal,1,False,False,0.02884387969970703,0.02884387969970703,0.02884387969970703,0.02884387969970703,0.0,0.0,0.0,0.0,0.0,0.0,0.0,2.0503997802734375e-05,2.0503997802734375e-05,2.0503997802734375e-05,0.028555631637573242,0.028555631637573242,0.028555631637573242
CS 1332 CS 1331,edge-case,minimal,5,False,False,0.02890753746032715,0.029204845428466797,0.029055356979370117,0.0290985107421875,0.00011925898946425164,0.0,0.0,0.0,0.0,0.0,0.0,1.9311904907226562e-05,2.0503997802734375e-05,1.983642578125e-05,0.028626203536987305,0.028922557830810547,0.028771638870239258
CS 1332 CS 1331,edge-case,minimal,10,False,False,0.028840303421020508,0.029422760009765625,0.02907378673553467,0.02902519702911377,0.00021783422556664243,0.0,0.0,0.0,0.0,0.0,0.0,1.9073486328125e-05,2.1219253540039062e-05,1.9788742065429688e-05,0.028560161590576172,0.02913069725036621,0.028786683082580568
I haven't taken calculus,edge-case,minimal,1,False,False,0.028720855712890625,0.028720855712890625,0.028720855712890625,0.028720855712890625,0.0,0.0,0.0,0.0,0.0,0.0,0.0,2.5510787963867188e-05,2.5510787963867188e-05,2.5510787963867188e-05,0.028441905975341797,0.028441905975341797,0.028441905975341797
I haven't taken calculus,edge-case,minimal,5,False,False,0.02858138084411621,0.028920888900756836,0.028815698623657227,0.028887510299682617,0.00013979640398956777,0.0,0.0,0.0,0.0,0.0,0.0,2.0742416381835938e-05,2.2172927856445312e-05,2.117156982421875e-05,0.02830791473388672,0.028630495071411133,0.02853283882141113
I haven't taken calculus,edge-case,minimal,10,False,False,0.02876424789428711,0.029672622680664062,0.02906930446624756,0.02899169921875,0.00025308956023123647,0.0,0.0,0.0,0.0,0.0,0.0,2.0503997802734375e-05,2.2649765014648438e-05,2.155303955078125e-05,0.028481006622314453,0.029375314712524414,0.028774428367614745
